Cement (Kg/m3),FAgg (Kg/m3),CSA (Kg/m3),Water (Kg/m3),River sand (Kg/m3),Silica fume (Kg/m3),SP (Kg/m3),W/B (%),Fibers (%),Aspect ratio (%),Tempurature (℃),Curing Age (Day),Specimen width (cm3),Specimen length (cm3),Specimen height (cm3),Compressive strength (MPa)
391.5,742,972.5,214.8,742,16.69,4,0.55,1,47,25,28,15,15,15,40.25
391.5,742,972.5,214.8,742,16.69,4,0.55,1,47,500,28,15,15,15,40.25
391.5,742,972.5,214.8,742,16.69,4,0.55,1,47,25,28,15,15,15,40.8
391.5,742,972.5,214.8,742,16.69,4,0.55,1,47,500,28,15,15,15,40.8
391.5,742,972.5,214.8,742,16.69,4,0.55,1,67,25,28,15,15,15,40
391.5,742,972.5,214.8,742,16.69,4,0.55,1,67,500,28,15,15,15,40
391.5,742,972.5,214.8,742,16.69,4,0.55,1,80,25,28,15,15,15,31
391.5,742,972.5,214.8,742,16.69,4,0.55,1,80,500,28,15,15,15,31
403,1230,606,161,1230,16.69,4,0.4,1,58.33,-6,3,10,10,10,31
403,1230,606,161,1230,16.69,4,0.4,1,58.33,-2,3,10,10,10,31
403,1230,606,161,1230,16.69,4,0.4,1,58.33,2,3,10,10,10,31
403,1230,606,161,1230,16.69,4,0.4,1,58.33,6,3,10,10,10,31
403,1178,580,161,1178,16.69,4,0.4,1,58.33,-6,3,10,10,10,42
403,1178,580,161,1178,16.69,4,0.4,1,58.33,-2,3,10,10,10,20
403,1178,580,161,1178,16.69,4,0.4,1,58.33,2,3,10,10,10,20
403,1178,580,161,1178,16.69,4,0.4,1,58.33,6,3,10,10,10,20
403,1125,554,161,1125,16.69,4,0.4,2,58.33,-6,3,10,10,10,20
403,1125,554,161,1125,16.69,4,0.4,2,58.33,-2,3,10,10,10,20
403,1125,554,161,1125,16.69,4,0.4,2,58.33,2,3,10,10,10,20
403,1125,554,161,1125,16.69,4,0.4,2,58.33,6,3,10,10,10,20
402.6,1230,606,161,1230,16.69,4,0.4,1,58.33,-6,3,10,10,10,20
402.6,1230,606,161,1230,16.69,4,0.4,1,58.33,-2,3,10,10,10,25.5
402.6,1230,606,161,1230,16.69,4,0.4,1,58.33,2,3,10,10,10,22
402.6,1230,606,161,1230,16.69,4,0.4,1,58.33,6,3,10,10,10,23.5
402.2,1230,606,161,1230,16.69,4,0.4,2,58.33,-6,3,10,10,10,20
402.2,1230,606,161,1230,16.69,4,0.4,2,58.33,-2,3,10,10,10,26
402.2,1230,606,161,1230,16.69,4,0.4,2,58.33,2,3,10,10,10,24.5
402.2,1230,606,161,1230,16.69,4,0.4,2,58.33,6,3,10,10,10,28.5
401.4,1230,606,161,1230,16.69,4,0.4,4,58.33,-6,3,10,10,10,20
401.4,1230,606,161,1230,16.69,4,0.4,4,58.33,-2,3,10,10,10,24
401.4,1230,606,161,1230,16.69,4,0.4,4,58.33,2,3,10,10,10,22.5
401.4,1230,606,161,1230,16.69,4,0.4,4,58.33,6,3,10,10,10,23.5
401,1230,606,161,1230,16.69,4,0.4,0.5,58.33,-6,3,10,10,10,20
401,1230,606,161,1230,16.69,4,0.4,0.5,58.33,-2,3,10,10,10,22
401,1230,606,161,1230,16.69,4,0.4,0.5,58.33,2,3,10,10,10,21
401,1230,606,161,1230,16.69,4,0.4,0.5,58.33,6,3,10,10,10,23
400,1230,606,161,1230,16.69,4,0.4,1,58.33,-6,3,10,10,10,22
400,1230,606,161,1230,16.69,4,0.4,1,58.33,-2,3,10,10,10,23
400,1230,606,161,1230,16.69,4,0.4,1,58.33,2,3,10,10,10,20
400,1230,606,161,1230,16.69,4,0.4,1,58.33,6,3,10,10,10,22.5
398,1230,606,161,1230,16.69,4,0.4,1.5,58.33,-6,3,10,10,10,22.5
398,1230,606,161,1230,16.69,4,0.4,1.5,58.33,-2,3,10,10,10,22.5
398,1230,606,161,1230,16.69,4,0.4,1.5,58.33,2,3,10,10,10,22.5
398,1230,606,161,1230,16.69,4,0.4,1.5,58.33,6,3,10,10,10,22.5
403,1230,606,161,1230,16.69,4,0.4,1.5,58.33,-6,7,10,10,10,25.5
403,1230,606,161,1230,16.69,4,0.4,1.5,58.33,-2,7,10,10,10,22.5
403,1230,606,161,1230,16.69,4,0.4,1.5,58.33,2,7,10,10,10,20
403,1230,606,161,1230,16.69,4,0.4,1.5,58.33,6,7,10,10,10,23
403,1230,606,161,1178,16.69,4,0.4,1,58.33,-6,7,10,10,10,20
403,1230,606,161,1178,16.69,4,0.4,1,58.33,-2,7,10,10,10,24
403,1230,606,161,1178,16.69,4,0.4,1,58.33,2,7,10,10,10,23.5
403,1230,606,161,1178,16.69,4,0.4,1,58.33,6,7,10,10,10,23.5
403,1230,606,161,1125,16.69,4,0.4,2,58.33,-6,7,10,10,10,20
403,1230,606,161,1125,16.69,4,0.4,2,58.33,-2,7,10,10,10,25
403,1230,606,161,1125,16.69,4,0.4,2,58.33,2,7,10,10,10,27
403,1230,606,161,1125,16.69,4,0.4,2,58.33,6,7,10,10,10,25
402.6,1230,606,161,1230,16.69,4,0.4,1,58.33,-6,7,10,10,10,21.5
402.6,1230,606,161,1230,16.69,4,0.4,1,58.33,-2,7,10,10,10,22.5
402.6,1230,606,161,1230,16.69,4,0.4,1,58.33,2,7,10,10,10,25
402.6,1230,606,161,1230,16.69,4,0.4,1,58.33,6,7,10,10,10,26
402.2,1230,606,161,1230,16.69,4,0.4,2,58.33,-6,7,10,10,10,23.5
402.2,1230,606,161,1230,16.69,4,0.4,2,58.33,-2,7,10,10,10,26
402.2,1230,606,161,1230,16.69,4,0.4,2,58.33,2,7,10,10,10,28
402.2,1230,606,161,1230,16.69,4,0.4,2,58.33,6,7,10,10,10,34.5
401.4,1230,606,161,1230,16.69,4,0.4,4,58.33,-6,7,10,10,10,20
401.4,1230,606,161,1230,16.69,4,0.4,4,58.33,-2,7,10,10,10,26
401.4,1230,606,161,1230,16.69,4,0.4,4,58.33,2,7,10,10,10,27.5
401.4,1230,606,161,1230,16.69,4,0.4,4,58.33,6,7,10,10,10,27
401,1230,606,161,1230,16.69,4,0.4,0.5,58.33,-6,7,10,10,10,20
401,1230,606,161,1230,16.69,4,0.4,0.5,58.33,-2,7,10,10,10,20
401,1230,606,161,1230,16.69,4,0.4,0.5,58.33,2,7,10,10,10,27.5
401,1230,606,161,1230,16.69,4,0.4,0.5,58.33,6,7,10,10,10,27
400,1230,606,161,1230,16.69,4,0.4,1,58.33,-6,7,10,10,10,27
400,1230,606,161,1230,16.69,4,0.4,1,58.33,-2,7,10,10,10,25.5
400,1230,606,161,1230,16.69,4,0.4,1,58.33,2,7,10,10,10,25
400,1230,606,161,1230,16.69,4,0.4,1,58.33,6,7,10,10,10,27
398,1230,606,161,1230,16.69,4,0.4,1.5,58.33,-6,7,10,10,10,20
398,1230,606,161,1230,16.69,4,0.4,1.5,58.33,-2,7,10,10,10,20
398,1230,606,161,1230,16.69,4,0.4,1.5,58.33,2,7,10,10,10,21
398,1230,606,161,1230,16.69,4,0.4,1.5,58.33,6,7,10,10,10,22.5
403,1230,606,161,1230,16.69,4,0.4,1.5,58.33,-6,14,10,10,10,25
403,1230,606,161,1230,16.69,4,0.4,1.5,58.33,-2,14,10,10,10,29
403,1230,606,161,1230,16.69,4,0.4,1.5,58.33,2,14,10,10,10,26
403,1230,606,161,1230,16.69,4,0.4,1.5,58.33,6,14,10,10,10,29
403,1230,606,161,1230,16.69,4,0.4,1,58.33,-6,14,10,10,10,21
403,1230,606,161,1230,16.69,4,0.4,1,58.33,-2,14,10,10,10,30
403,1230,606,161,1230,16.69,4,0.4,1,58.33,2,14,10,10,10,27.5
403,1230,606,161,1230,16.69,4,0.4,1,58.33,6,14,10,10,10,29
403,1230,606,161,1230,16.69,4,0.4,2,58.33,-6,14,10,10,10,25
403,1230,606,161,1230,16.69,4,0.4,2,58.33,-2,14,10,10,10,26.5
403,1230,606,161,1230,16.69,4,0.4,2,58.33,2,14,10,10,10,28
403,1230,606,161,1230,16.69,4,0.4,2,58.33,6,14,10,10,10,32
402.6,1230,606,161,1230,16.69,4,0.4,1,58.33,-6,14,10,10,10,25
402.6,1230,606,161,1230,16.69,4,0.4,1,58.33,-2,14,10,10,10,25
402.6,1230,606,161,1230,16.69,4,0.4,1,58.33,2,14,10,10,10,31.5
402.6,1230,606,161,1230,16.69,4,0.4,1,58.33,6,14,10,10,10,32
402.2,1230,606,161,1230,16.69,4,0.4,2,58.33,-6,14,10,10,10,24.5
402.2,1230,606,161,1230,16.69,4,0.4,2,58.33,-2,14,10,10,10,30
402.2,1230,606,161,1230,16.69,4,0.4,2,58.33,2,14,10,10,10,37
402.2,1230,606,161,1230,16.69,4,0.4,2,58.33,6,14,10,10,10,33
401.4,1230,606,161,1230,16.69,4,0.4,4,58.33,-6,14,10,10,10,24
401.4,1230,606,161,1230,16.69,4,0.4,4,58.33,-2,14,10,10,10,30
401.4,1230,606,161,1230,16.69,4,0.4,4,58.33,2,14,10,10,10,32
401.4,1230,606,161,1230,16.69,4,0.4,4,58.33,6,14,10,10,10,32
401,1230,606,161,1230,16.69,4,0.4,0.5,58.33,-6,14,10,10,10,23
401,1230,606,161,1230,16.69,4,0.4,0.5,58.33,-2,14,10,10,10,27
401,1230,606,161,1230,16.69,4,0.4,0.5,58.33,2,14,10,10,10,29
401,1230,606,161,1230,16.69,4,0.4,0.5,58.33,6,14,10,10,10,35
400,1230,606,161,1230,16.69,4,0.4,1,58.33,-6,14,10,10,10,24
400,1230,606,161,1230,16.69,4,0.4,1,58.33,-2,14,10,10,10,24.5
400,1230,606,161,1230,16.69,4,0.4,1,58.33,2,14,10,10,10,34.5
400,1230,606,161,1230,16.69,4,0.4,1,58.33,6,14,10,10,10,33.5
398,1230,606,161,1230,16.69,4,0.4,1.5,58.33,-6,14,10,10,10,20
398,1230,606,161,1230,16.69,4,0.4,1.5,58.33,-2,14,10,10,10,24.5
398,1230,606,161,1230,16.69,4,0.4,1.5,58.33,2,14,10,10,10,25
398,1230,606,161,1230,16.69,4,0.4,1.5,58.33,6,14,10,10,10,28
403,1230,606,161,1230,16.69,4,0.4,1.5,58.33,-6,21,10,10,10,32
403,1230,606,161,1230,16.69,4,0.4,1.5,58.33,-2,21,10,10,10,35
403,1230,606,161,1230,16.69,4,0.4,1.5,58.33,2,21,10,10,10,27
403,1230,606,161,1230,16.69,4,0.4,1.5,58.33,6,21,10,10,10,30
403,1230,606,161,1230,16.69,4,0.4,1,58.33,-6,21,10,10,10,20
403,1230,606,161,1230,16.69,4,0.4,1,58.33,-2,21,10,10,10,31
403,1230,606,161,1230,16.69,4,0.4,1,58.33,2,21,10,10,10,27
403,1230,606,161,1230,16.69,4,0.4,1,58.33,6,21,10,10,10,30
403,1230,606,161,1230,16.69,4,0.4,2,58.33,-6,21,10,10,10,25.5
403,1230,606,161,1230,16.69,4,0.4,2,58.33,-2,21,10,10,10,32.5
403,1230,606,161,1230,16.69,4,0.4,2,58.33,2,21,10,10,10,33
403,1230,606,161,1230,16.69,4,0.4,2,58.33,6,21,10,10,10,33
402.6,1230,606,161,1230,16.69,4,0.4,1,58.33,-6,21,10,10,10,27
402.6,1230,606,161,1230,16.69,4,0.4,1,58.33,-2,21,10,10,10,31
402.6,1230,606,161,1230,16.69,4,0.4,1,58.33,2,21,10,10,10,34.5
402.6,1230,606,161,1230,16.69,4,0.4,1,58.33,6,21,10,10,10,40
402.2,1230,606,161,1230,16.69,4,0.4,2,58.33,-6,21,10,10,10,24
402.2,1230,606,161,1230,16.69,4,0.4,2,58.33,-2,21,10,10,10,31
402.2,1230,606,161,1230,16.69,4,0.4,2,58.33,2,21,10,10,10,34
402.2,1230,606,161,1230,16.69,4,0.4,2,58.33,6,21,10,10,10,40
401.4,1230,606,161,1230,16.69,4,0.4,4,58.33,-6,21,10,10,10,24.4
401.4,1230,606,161,1230,16.69,4,0.4,4,58.33,-2,21,10,10,10,34.5
401.4,1230,606,161,1230,16.69,4,0.4,4,58.33,2,21,10,10,10,40
401.4,1230,606,161,1230,16.69,4,0.4,4,58.33,6,21,10,10,10,39.5
401,1230,606,161,1230,16.69,4,0.4,0.5,58.33,-6,21,10,10,10,24
401,1230,606,161,1230,16.69,4,0.4,0.5,58.33,-2,21,10,10,10,34
401,1230,606,161,1230,16.69,4,0.4,0.5,58.33,2,21,10,10,10,33.5
401,1230,606,161,1230,16.69,4,0.4,0.5,58.33,6,21,10,10,10,35
400,1230,606,161,1230,16.69,4,0.4,1,58.33,-6,21,10,10,10,25
400,1230,606,161,1230,16.69,4,0.4,1,58.33,-2,21,10,10,10,34
400,1230,606,161,1230,16.69,4,0.4,1,58.33,2,21,10,10,10,32
400,1230,606,161,1230,16.69,4,0.4,1,58.33,6,21,10,10,10,36
398,1230,606,161,1230,16.69,4,0.4,1.5,58.33,-6,21,10,10,10,21
398,1230,606,161,1230,16.69,4,0.4,1.5,58.33,-2,21,10,10,10,28
398,1230,606,161,1230,16.69,4,0.4,1.5,58.33,2,21,10,10,10,32
398,1230,606,161,1230,16.69,4,0.4,1.5,58.33,6,21,10,10,10,30
403,1230,606,161,1230,16.69,4,0.4,1.5,58.33,-6,28,10,10,10,27
403,1230,606,161,1230,16.69,4,0.4,1.5,58.33,-2,28,10,10,10,34.5
403,1230,606,161,1230,16.69,4,0.4,1.5,58.33,2,28,10,10,10,33.5
403,1230,606,161,1230,16.69,4,0.4,1.5,58.33,6,28,10,10,10,35
403,1230,606,161,1230,16.69,4,0.4,1,58.33,-6,28,10,10,10,22
403,1230,606,161,1230,16.69,4,0.4,1,58.33,-2,28,10,10,10,32
403,1230,606,161,1230,16.69,4,0.4,1,58.33,2,28,10,10,10,27
403,1230,606,161,1230,16.69,4,0.4,1,58.33,6,28,10,10,10,29
403,1230,606,161,1230,16.69,4,0.4,2,58.33,-6,28,10,10,10,28
403,1230,606,161,1230,16.69,4,0.4,2,58.33,-2,28,10,10,10,34
403,1230,606,161,1230,16.69,4,0.4,2,58.33,2,28,10,10,10,32.5
403,1230,606,161,1230,16.69,4,0.4,2,58.33,6,28,10,10,10,36
402.6,1230,606,161,1230,16.69,4,0.4,1,58.33,-6,28,10,10,10,22
402.6,1230,606,161,1230,16.69,4,0.4,1,58.33,-2,28,10,10,10,30
402.6,1230,606,161,1230,16.69,4,0.4,1,58.33,2,28,10,10,10,35
402.6,1230,606,161,1230,16.69,4,0.4,1,58.33,6,28,10,10,10,39
402.2,1230,606,161,1230,16.69,4,0.4,2,58.33,-6,28,10,10,10,27
402.2,1230,606,161,1230,16.69,4,0.4,2,58.33,-2,28,10,10,10,33
402.2,1230,606,161,1230,16.69,4,0.4,2,58.33,2,28,10,10,10,43.5
402.2,1230,606,161,1230,16.69,4,0.4,2,58.33,6,28,10,10,10,40
401.4,1230,606,161,1230,16.69,4,0.4,4,58.33,-6,28,10,10,10,27
401.4,1230,606,161,1230,16.69,4,0.4,4,58.33,-2,28,10,10,10,34.5
401.4,1230,606,161,1230,16.69,4,0.4,4,58.33,2,28,10,10,10,39
401.4,1230,606,161,1230,16.69,4,0.4,4,58.33,6,28,10,10,10,39
401,1230,606,161,1230,16.69,4,0.4,0.5,58.33,-6,28,10,10,10,25
401,1230,606,161,1230,16.69,4,0.4,0.5,58.33,-2,28,10,10,10,33
401,1230,606,161,1230,16.69,4,0.4,0.5,58.33,2,28,10,10,10,33
401,1230,606,161,1230,16.69,4,0.4,0.5,58.33,6,28,10,10,10,33
400,1230,606,161,1230,16.69,4,0.4,1,58.33,-6,28,10,10,10,26.5
400,1230,606,161,1230,16.69,4,0.4,1,58.33,-2,28,10,10,10,33.5
400,1230,606,161,1230,16.69,4,0.4,1,58.33,2,28,10,10,10,35
400,1230,606,161,1230,16.69,4,0.4,1,58.33,6,28,10,10,10,36
398,1230,606,161,1230,16.69,4,0.4,1.5,58.33,-6,28,10,10,10,20
398,1230,606,161,1230,16.69,4,0.4,1.5,58.33,-2,28,10,10,10,27
398,1230,606,161,1230,16.69,4,0.4,1.5,58.33,2,28,10,10,10,33.5
398,1230,606,161,1230,16.69,4,0.4,1.5,58.33,6,28,10,10,10,35
515,1175,606,227,1175,16.69,15,0.24,1.5,58.33,20,3,10,10,10,121.1
515,1175,606,227,1175,16.69,15,0.24,1.5,58.33,20,3,10,10,10,93.6
515,1175,606,227,1175,16.69,15,0.24,1.5,58.33,20,3,10,10,10,91.37
515,1175,606,227,1175,16.69,15,0.24,0.8,375,20,3,10,10,10,114.7
515,1175,606,227,1175,16.69,15,0.24,0.8,375,20,3,10,10,10,86.23
515,1175,606,227,1175,16.69,15,0.24,0.8,375,20,3,10,10,10,92.63
515,1175,606,227,1175,16.69,15,0.24,1.6,375,20,3,10,10,10,109.47
515,1175,606,227,1175,16.69,15,0.24,1.6,375,20,3,10,10,10,92.13
515,1175,606,227,1175,16.69,15,0.24,1.6,375,20,3,10,10,10,81.03
515,1175,606,227,1175,16.69,15,0.24,1.6,375,300,3,10,10,10,101.4
515,1175,606,227,1175,16.69,15,0.24,1.6,375,300,3,10,10,10,112.07
515,1175,606,227,1175,16.69,15,0.24,1.6,375,300,3,10,10,10,104.99
515,1175,606,227,1175,16.69,15,0.24,0.8,375,300,3,10,10,10,71.27
515,1175,606,227,1175,16.69,15,0.24,0.8,375,300,3,10,10,10,75.28
515,1175,606,227,1175,16.69,15,0.24,0.8,375,300,3,10,10,10,78.33
515,1175,606,227,1175,16.69,15,0.24,1.6,375,300,3,10,10,10,69.03
515,1175,606,227,1175,16.69,15,0.24,1.6,375,300,3,10,10,10,71.18
515,1175,606,227,1175,16.69,15,0.24,1.6,375,300,3,10,10,10,72.04
515,1175,606,227,1175,16.69,15,0.24,1.6,375,600,3,10,10,10,72.04
515,1175,606,227,1175,16.69,15,0.24,1.6,375,600,3,10,10,10,72.04
515,1175,606,227,1175,16.69,15,0.24,1.6,375,600,3,10,10,10,72.04
515,1175,606,227,1175,16.69,15,0.24,0.8,375,600,3,10,10,10,57.41
515,1175,606,227,1175,16.69,15,0.24,0.8,375,600,3,10,10,10,48.53
515,1175,606,227,1175,16.69,15,0.24,0.8,375,600,3,10,10,10,55.69
515,1175,606,227,1175,16.69,15,0.24,1.6,375,600,3,10,10,10,52.81
515,1175,606,227,1175,16.69,15,0.24,1.6,375,600,3,10,10,10,48.22
515,1175,606,227,1175,16.69,15,0.24,1.6,375,600,3,10,10,10,46.97
500,725,1075,145,725,16.69,15,0.29,1.6,0,600,28,10,10,10,32.79
500,725,1075,145,725,16.69,15,0.29,1,60,600,28,10,10,10,38.95
500,725,1075,145,725,16.69,15,0.29,0.22,360,600,28,10,10,10,34.31
500,725,1075,145,725,16.69,15,0.29,1.22,360,600,28,10,10,10,36.19
500,725,1075,145,725,16.69,15,0.29,1.22,420,600,28,10,10,10,36.1
400,695,1075,145,695,16.69,15,0.29,1,0,600,28,10,10,10,33.28
400,695,1075,145,695,16.69,15,0.29,0.11,60,600,28,10,10,10,38.72
400,695,1075,145,695,16.69,15,0.29,0.22,360,600,28,10,10,10,35.1
400,695,1075,145,695,16.69,15,0.29,1.22,360,600,28,10,10,10,31.69
400,695,1075,145,695,16.69,15,0.29,1.22,360,600,28,10,10,10,38.63
450,710,1075,145,710,50,15,0.29,1.22,0,600,28,10,10,10,37.84
450,710,1075,145,710,50,15,0.29,1,60,600,28,10,10,10,39.19
450,710,1075,145,710,50,15,0.29,0.11,360,600,28,10,10,10,36.85
450,710,1075,145,710,50,15,0.29,0.22,360,600,28,10,10,10,33.76
450,710,1075,145,710,50,15,0.29,1.22,360,600,28,10,10,10,37.69
500,725,1075,145,725,16.9,15,0.29,1.22,0,800,28,10,10,10,17.64
500,725,1075,145,725,16.9,15,0.29,1,60,800,28,10,10,10,23.8
500,725,1075,145,725,16.9,15,0.29,0.22,360,800,28,10,10,10,17.07
500,725,1075,145,725,16.9,15,0.29,1.22,360,800,28,10,10,10,22.53
500,725,1075,145,725,16.9,15,0.29,1.22,360,800,28,10,10,10,20
400,695,1075,145,695,16.9,15,0.29,1,0,800,28,10,10,10,20
400,695,1075,145,695,16.9,15,0.29,0.11,60,800,28,10,10,10,21.41
400,695,1075,145,695,16.9,15,0.29,0.22,360,800,28,10,10,10,21.41
400,695,1075,145,695,16.9,15,0.29,1.22,360,800,28,10,10,10,21.41
400,695,1075,145,695,16.9,15,0.29,1.22,360,800,28,10,10,10,21.41
450,710,1075,145,710,50,15,0.29,1.22,0,800,28,10,10,10,20.55
450,710,1075,145,710,50,15,0.29,1,60,800,28,10,10,10,23.46
450,710,1075,145,710,50,15,0.29,0.11,360,800,28,10,10,10,23.46
450,710,1075,145,710,50,15,0.29,0.22,360,800,28,10,10,10,23.46
450,710,1075,145,710,50,15,0.29,1.22,360,800,28,10,10,10,23.46
311,665,780,205,665,16.9,25,0.66,1.22,62.5,25,28,10,10,10,39
366,623,771,205,623,16.9,25,0.56,1.22,62.5,25,28,10,10,10,53
458,408,938,147,408,16.9,25,0.32,1.22,62.5,25,28,10,10,10,99
311,665,780,205,665,16.9,25,0.66,1,62.5,25,28,10,10,10,45
366,623,771,205,623,16.9,25,0.56,1,62.5,25,28,10,10,10,60
458,408,938,147,408,16.9,25,0.32,1,62.5,25,28,10,10,10,110
311,665,780,205,665,16.9,25,0.66,1,62.5,105,28,10,10,10,40
366,623,771,205,623,16.9,25,0.56,1,62.5,105,28,10,10,10,50
458,408,938,147,408,16.9,25,0.32,1,62.5,105,28,10,10,10,101
311,665,780,205,665,16.9,25,0.66,1,62.5,105,28,10,10,10,46
366,623,771,205,623,16.9,25,0.56,1,62.5,105,28,10,10,10,60
458,408,938,147,408,16.9,25,0.32,1,62.5,105,28,10,10,10,112
311,665,780,205,665,16.9,25,0.66,1,62.5,200,28,10,10,10,38
366,623,771,205,623,16.9,25,0.56,1,62.5,200,28,10,10,10,46
458,408,938,147,408,16.9,25,0.32,1,62.5,200,28,10,10,10,99
311,665,780,205,665,16.9,25,0.66,1,62.5,200,28,10,10,10,42
366,623,771,205,623,16.9,25,0.56,1,62.5,200,28,10,10,10,58
458,408,938,147,408,16.9,25,0.32,1,62.5,200,28,10,10,10,106
311,665,780,205,665,16.9,25,0.66,1,62.5,300,28,10,10,10,36
366,623,771,205,623,16.9,25,0.56,1,62.5,300,28,10,10,10,39
458,408,938,147,408,16.9,25,0.32,1,62.5,300,28,10,10,10,96
311,665,780,205,665,16.9,25,0.66,1,62.5,300,28,10,10,10,38
366,623,771,205,623,16.9,25,0.56,1,62.5,300,28,10,10,10,54
458,408,938,147,408,16.9,25,0.32,1,62.5,300,28,10,10,10,102
311,665,780,205,665,16.9,25,0.66,1,62.5,400,28,10,10,10,32
366,623,771,205,623,16.9,25,0.56,1,62.5,400,28,10,10,10,36
458,408,938,147,408,16.9,25,0.32,1,62.5,400,28,10,10,10,94
311,665,780,205,665,16.9,25,0.66,1,62.5,400,28,10,10,10,35
366,623,771,205,623,16.9,25,0.56,1,62.5,400,28,10,10,10,50
458,408,938,147,408,16.9,25,0.32,1,62.5,400,28,10,10,10,100
311,665,780,205,665,16.9,25,0.66,1,62.5,600,28,10,10,10,24
366,623,771,205,623,16.9,25,0.56,1,62.5,600,28,10,10,10,34
458,408,938,147,408,16.9,25,0.32,1,62.5,600,28,10,10,10,56
311,665,780,205,665,16.9,25,0.66,1,62.5,600,28,10,10,10,20
366,623,771,205,623,16.9,25,0.56,1,62.5,600,28,10,10,10,20
458,408,938,147,408,16.9,25,0.32,1,62.5,600,28,10,10,10,37
311,665,780,205,665,16.9,25,0.66,1,62.5,800,28,10,10,10,20
366,623,771,205,623,16.9,25,0.56,1,62.5,800,28,10,10,10,20
458,408,938,147,408,16.9,25,0.32,1,62.5,800,28,10,10,10,33
311,665,780,205,665,16.9,25,0.66,1,62.5,800,28,10,10,10,20
366,623,771,205,623,16.9,25,0.56,1,62.5,800,28,10,10,10,20
458,408,938,147,408,16.9,25,0.32,1,62.5,800,28,10,10,10,37
311,665,780,205,665,16.9,25,0.66,1,62.5,1000,28,10,10,10,20
366,623,771,205,623,16.9,25,0.56,1,62.5,1000,28,10,10,10,20
458,408,938,147,408,16.9,25,0.32,1,62.5,1000,28,10,10,10,20
311,665,780,205,665,16.9,25,0.66,1,62.5,1000,28,10,10,10,20
366,623,771,205,623,16.9,25,0.56,1,62.5,1000,28,10,10,10,20
458,408,938,147,408,16.9,25,0.32,1,62.5,1000,28,10,10,10,20
311,665,780,205,665,16.9,25,0.66,1,62.5,1200,28,10,10,10,20
366,623,771,205,623,16.9,25,0.56,1,62.5,1200,28,10,10,10,20
458,408,938,147,408,16.9,25,0.32,1,62.5,1200,28,10,10,10,20
311,655,780,205,665,16.9,25,0.66,1,62.5,1200,28,10,10,10,20
366,623,771,205,623,16.9,25,0.56,1,62.5,1200,28,10,10,10,20
458,655,938,147,408,16.9,25,0.32,1,62.5,1200,28,10,10,10,20
800,1039,444,180,843,154,67,0.23,1,60,85,3,0,0,0,36.61
800,1039,444,180,843,154,67,0.23,1,60,85,3,0,0,0,107.68
800,1039,444,180,843,154,67,0.23,2,60,85,3,0,0,0,102.05
800,1039,444,180,843,154,67,0.23,1,380,85,3,0,0,0,106.48
800,1039,444,180,843,154,67,0.23,2,380,85,3,0,0,0,106.48
490,750,905,185,750,17.9,4.9,0.38,2,150,24,28,10,10,10,43.91
490,750,905,185,750,17.9,4.9,0.38,1,150,24,28,10,10,10,42.04
490,750,905,185,750,17.9,4.9,0.38,2,150,24,28,10,10,10,34.61
490,750,905,185,750,17.9,4.9,0.38,3,150,24,28,10,10,10,35.02
465.5,750,905,185,750,17.9,4.8,0.39,1,150,24,28,10,10,10,46.22
465.5,750,905,185,750,17.9,4.8,0.39,2,150,24,28,10,10,10,51.17
465.5,750,905,185,750,17.9,4.8,0.39,3,150,24,28,10,10,10,36
441,750,905,185,750,35.8,4.8,0.39,1,150,24,28,10,10,10,54.12
441,750,905,185,750,35.8,4.8,0.39,2,150,24,28,10,10,10,49.8
441,750,905,185,750,35.8,4.8,0.39,3,150,24,28,10,10,10,37.25
416.5,750,905,185,750,53.7,4.7,0.4,1,150,24,28,10,10,10,33.42
416.5,750,905,185,750,53.7,4.7,0.4,2,150,24,28,10,10,10,28.74
416.5,750,905,185,750,53.7,4.7,0.4,3,150,24,28,10,10,10,26.56
490,750,905,185,750,53.7,4.9,0.38,0,150,200,28,10,10,10,45.26
490,750,905,185,750,53.7,4.9,0.38,1,150,200,28,10,10,10,44.11
490,750,905,185,750,53.7,4.9,0.38,2,150,200,28,10,10,10,39.17
490,750,905,185,750,53.7,4.9,0.38,3,150,200,28,10,10,10,33.29
465.5,750,905,185,750,17.9,4.8,0.39,1,150,200,28,10,10,10,49.24
465.5,750,905,185,750,17.9,4.8,0.39,2,150,200,28,10,10,10,56.45
465.5,750,905,185,750,17.9,4.8,0.39,3,150,200,28,10,10,10,43.96
441,750,905,185,750,35.8,4.8,0.39,1,150,200,28,10,10,10,58.12
441,750,905,185,750,35.8,4.8,0.39,2,150,200,28,10,10,10,54.98
441,750,905,185,750,35.8,4.8,0.39,3,150,200,28,10,10,10,46.27
416.5,750,905,185,750,53.7,4.7,0.4,1,150,200,28,10,10,10,47.01
416.5,750,905,185,750,53.7,4.7,0.4,2,150,200,28,10,10,10,35.2
416.5,750,905,185,750,53.7,4.7,0.4,3,150,200,28,10,10,10,33.97
490,750,905,185,750,53.7,4.9,0.38,3,150,400,28,10,10,10,50.9
490,750,905,185,750,53.7,4.9,0.38,1,150,400,28,10,10,10,47.62
490,750,905,185,750,53.7,4.9,0.38,2,150,400,28,10,10,10,40.07
490,750,905,185,750,53.7,4.9,0.38,3,150,400,28,10,10,10,20.22
465.5,750,905,185,750,17.9,4.8,0.39,1,150,400,28,10,10,10,54.03
465.5,750,905,185,750,17.9,4.8,0.39,2,150,400,28,10,10,10,59.11
465.5,750,905,185,750,17.9,4.8,0.39,3,150,400,28,10,10,10,40.83
441,750,905,185,750,35.8,4.8,0.39,1,150,400,28,10,10,10,66.69
441,750,905,185,750,35.8,4.8,0.39,2,150,400,28,10,10,10,57.43
441,750,905,185,750,35.8,4.8,0.39,3,150,400,28,10,10,10,36.5
416.5,750,905,185,750,53.7,4.7,0.4,1,150,400,28,10,10,10,52.92
416.5,750,905,185,750,53.7,4.7,0.4,2,150,400,28,10,10,10,45.52
416.5,750,905,185,750,53.7,4.7,0.4,3,150,400,28,10,10,10,36.46
490,750,905,185,750,53.7,4.9,0.38,3,150,600,28,10,10,10,31.44
490,750,905,185,750,53.7,4.9,0.38,1,150,600,28,10,10,10,21.66
490,750,905,185,750,53.7,4.9,0.38,2,150,600,28,10,10,10,20.69
490,750,905,185,750,53.7,4.9,0.38,3,150,600,28,10,10,10,20.69
465.5,750,905,185,750,17.9,4.8,0.39,1,150,600,28,10,10,10,26.39
465.5,750,905,185,750,17.9,4.8,0.39,2,150,600,28,10,10,10,30.07
465.5,750,905,185,750,17.9,4.8,0.39,3,150,600,28,10,10,10,21.51
441,750,905,185,750,35.8,4.8,0.39,1,150,600,28,10,10,10,27.72
441,750,905,185,750,35.8,4.8,0.39,2,150,600,28,10,10,10,21.47
441,750,905,185,750,35.8,4.8,0.39,3,150,600,28,10,10,10,20
416.5,750,905,185,750,53.7,4.7,0.4,1,150,600,28,10,10,10,20
416.5,750,905,185,750,53.7,4.7,0.4,2,150,600,28,10,10,10,20
416.5,750,905,185,750,53.7,4.7,0.4,3,150,600,28,10,10,10,20
490,750,905,185,750,53.7,4.9,0.38,3,150,800,28,10,10,10,23.38
490,750,905,185,750,53.7,4.9,0.38,1,150,800,28,10,10,10,23.38
490,750,905,185,750,53.7,4.9,0.38,2,150,800,28,10,10,10,23.38
490,750,905,185,750,53.7,4.9,0.38,3,150,800,28,10,10,10,23.38
465.5,750,905,185,750,17.9,4.8,0.39,1,150,800,28,10,10,10,23.38
465.5,750,905,185,750,17.9,4.8,0.39,2,150,800,28,10,10,10,23.38
465.5,750,905,185,750,17.9,4.8,0.39,3,150,800,28,10,10,10,23.38
441,750,905,185,750,35.8,4.8,0.39,1,150,800,28,10,10,10,23.38
441,750,905,185,750,35.8,4.8,0.39,2,150,800,28,10,10,10,23.38
441,750,905,185,750,35.8,4.8,0.39,3,150,800,28,10,10,10,23.38
416.5,750,905,185,750,53.7,4.7,0.4,1,150,800,28,10,10,10,23.38
416.5,750,905,185,750,53.7,4.7,0.4,2,150,800,28,10,10,10,23.38
416.5,750,905,185,750,53.7,4.7,0.4,3,150,800,28,10,10,10,23.38
405,984,651,171,984,45,4.7,0.42,1.85,52,20,28,15,15,15,57
405,984,651,171,984,45,4.7,0.42,1.24,52,20,28,15,15,15,62
405,984,651,171,984,45,4.7,0.42,0.01,120,20,28,15,15,15,53
405,984,651,171,984,45,4.7,0.42,0.11,200,20,28,15,15,15,55
405,984,651,171,984,45,4.7,0.42,1.85,52,200,28,15,15,15,56
405,984,651,171,984,45,4.7,0.42,1.24,52,200,28,15,15,15,59
405,984,651,171,984,45,4.7,0.42,0.01,120,200,28,15,15,15,51
405,984,651,171,984,45,4.7,0.42,0.11,200,200,28,15,15,15,53
405,984,651,171,984,45,4.7,0.42,1.85,52,300,28,15,15,15,50
405,984,651,171,984,45,4.7,0.42,1.24,52,300,28,15,15,15,58
405,984,651,171,984,45,4.7,0.42,0.1,120,300,28,15,15,15,52
405,984,651,171,984,45,4.7,0.42,0.11,200,300,28,15,15,15,53
405,984,651,171,984,45,4.7,0.42,1.85,52,400,28,15,15,15,45
405,984,651,171,984,45,4.7,0.42,1.24,52,400,28,15,15,15,53
405,984,651,171,984,45,4.7,0.42,0.01,120,400,28,15,15,15,50
405,984,651,171,984,45,4.7,0.42,0.11,200,400,28,15,15,15,52
405,984,651,171,984,45,4.7,0.42,1.85,52,600,28,15,15,15,35
405,984,651,171,984,45,4.7,0.42,1.24,52,600,28,15,15,15,40
405,984,651,171,984,45,4.7,0.42,0.01,120,600,28,15,15,15,37
405,984,651,171,984,45,4.7,0.42,0.11,200,600,28,15,15,15,39
389,714,1017,175,714,45,4.7,0.45,0.11,52,20,28,10,10,10,34
287,842,942,287,842,45,4.7,0.45,0.11,52,20,28,10,10,10,29
375,763,834,375,763,45,0.8,0.28,0.11,52,20,28,10,10,10,53
474,810,901,474,810,45,1,0.36,0.11,52,20,28,10,10,10,25
672,648,886,672,648,45,1,0.26,0.11,52,20,28,10,10,10,45
389,714,1017,175,714,45,1,0.45,0.11,52,-20,28,10,10,10,58
287,842,942,287,842,45,1,0.45,0.11,52,-20,28,10,10,10,42
375,763,834,375,763,45,0.8,0.28,0.11,52,-20,28,10,10,10,74
474,810,901,474,810,45,1,0.36,0.11,52,-20,28,10,10,10,30
672,648,886,672,648,45,1,0.26,0.11,52,-20,28,10,10,10,51
389,714,1017,175,714,45,1,0.45,0.11,52,-40,28,10,10,10,70
287,842,942,287,842,45,1,0.45,0.11,52,-40,28,10,10,10,52
375,763,834,375,763,45,0.8,0.28,0.11,52,-40,28,10,10,10,78
474,810,901,474,810,45,1,0.36,0.11,52,-60,28,10,10,10,40
672,648,886,672,648,45,1,0.26,0.11,52,-60,28,10,10,10,74
389,714,1017,175,714,45,1,0.45,0.11,52,-50,28,10,10,10,46
500,705,1148,200,380,25,6.4,0.4,1.5,52,200,28,15,15,15,48
500,705,1148,200,380,25,6.4,0.4,1.5,52,200,28,15,15,15,65
500,705,1148,200,380,25,6.4,0.4,1.5,52,200,28,15,15,15,71
500,705,1148,200,380,25,6.4,0.4,1.5,52,400,28,15,15,15,75
500,705,1148,200,380,25,6.4,0.4,1.5,52,400,28,15,15,15,74
500,705,1148,200,380,25,6.4,0.4,1.5,52,600,28,15,15,15,50
500,705,1148,200,380,25,6.4,0.4,1.5,52,600,28,15,15,15,58
500,705,1148,200,380,25,6.4,0.4,1.5,52,600,28,15,15,15,68
400,380,1038,308,380,25,4.8,0.77,1.5,52,20,28,10,10,10,33
400,380,1038,308,380,25,4.8,0.77,0.11,52,20,28,10,10,10,39
400,380,1038,308,380,25,4.8,0.77,0.22,52,20,28,10,10,10,38
400,380,1038,308,380,25,4.8,0.77,0.45,52,20,28,10,10,10,35
360,380,1028,277,380,40,4.8,0.77,0.45,52,20,28,10,10,10,37
360,380,1028,277,380,40,4.8,0.77,0.11,52,20,28,10,10,10,40
360,380,1028,277,380,40,4.8,0.77,0.23,52,20,28,10,10,10,42
360,380,1028,277,380,40,4.8,0.77,0.45,52,20,28,10,10,10,37
320,380,1015,246,380,80,4.8,0.77,0.45,52,20,28,10,10,10,39
320,380,1015,246,380,80,4.8,0.77,0.11,52,20,28,10,10,10,41
320,380,1015,246,380,80,4.8,0.77,0.23,52,20,28,10,10,10,43
320,380,1015,246,380,80,4.8,0.77,0.46,52,20,28,10,10,10,39
400,380,1038,308,380,80,4.8,0.77,0.46,52,400,28,10,10,10,27
400,380,1038,308,380,80,4.8,0.77,0.11,52,400,28,10,10,10,34
400,380,1038,308,380,80,4.8,0.77,0.22,52,400,28,10,10,10,33
400,380,1038,308,380,80,4.8,0.77,0.45,52,400,28,10,10,10,32
360,380,1028,277,380,40,4.8,0.77,0.45,52,400,28,10,10,10,30
360,380,1028,277,380,40,4.8,0.77,0.11,52,400,28,10,10,10,35
360,380,1028,277,380,40,4.8,0.77,0.23,52,400,28,10,10,10,37
360,380,1028,277,380,40,4.8,0.77,0.45,52,400,28,10,10,10,34
320,380,1015,246,380,80,4.8,0.77,0.45,52,400,28,10,10,10,31
320,380,1015,246,380,80,4.8,0.77,0.11,52,400,28,10,10,10,33
320,380,1015,246,380,80,4.8,0.77,0.23,52,400,28,10,10,10,35
320,380,1015,246,380,80,4.8,0.77,0.46,52,400,28,10,10,10,32
400,380,1038,308,380,80,4.8,0.77,0.46,52,600,28,10,10,10,24
400,380,1038,308,380,80,4.8,0.77,0.11,52,600,28,10,10,10,31
400,380,1038,308,380,80,4.8,0.77,0.22,52,600,28,10,10,10,29
400,380,1038,308,380,80,4.8,0.77,0.45,52,600,28,10,10,10,28
360,380,1028,277,380,40,4.8,0.77,0.45,52,600,28,10,10,10,27
360,380,1028,277,380,40,4.8,0.77,0.11,52,600,28,10,10,10,30
360,380,1028,277,380,40,4.8,0.77,0.23,52,600,28,10,10,10,33
360,380,1028,277,380,40,4.8,0.77,0.45,52,600,28,10,10,10,29
320,380,1015,246,380,80,4.8,0.77,0.45,52,600,28,10,10,10,28
320,380,1015,246,380,80,4.8,0.77,0.11,52,600,28,10,10,10,31
320,380,1015,246,380,80,4.8,0.77,0.23,52,600,28,10,10,10,35
320,380,1015,246,380,80,4.8,0.77,0.46,52,600,28,10,10,10,30
400,380,1038,308,380,80,4.8,0.77,0.46,52,800,28,10,10,10,30
400,380,1038,308,380,80,4.8,0.77,0.11,52,800,28,10,10,10,30
400,380,1038,308,380,80,4.8,0.77,0.22,52,800,28,10,10,10,30
400,380,1038,308,380,80,4.8,0.77,0.45,52,800,28,10,10,10,30
360,380,1028,277,380,40,4.8,0.77,0.45,52,800,28,10,10,10,30
360,380,1028,277,380,40,4.8,0.77,0.11,52,800,28,10,10,10,30
360,380,1028,277,380,40,4.8,0.77,0.23,52,800,28,10,10,10,30
360,380,1028,277,380,40,4.8,0.77,0.45,52,800,28,10,10,10,30
320,380,1015,246,380,80,4.8,0.77,0,52,800,28,10,10,10,30
320,380,1015,246,380,80,4.8,0.77,0.11,52,800,28,10,10,10,28
320,380,1015,246,380,80,4.8,0.77,0.23,52,800,28,10,10,10,20
320,380,1015,246,380,80,4.8,0.77,0.46,52,800,28,10,10,10,20
250,417,1681,123,417,80,4.8,0.49,0.13,52,20,28,10,10,10,28.16
250,417,1681,123,417,80,4.8,0.49,0.13,52,200,28,10,10,10,23.4
250,417,1681,123,417,80,4.8,0.49,0.13,52,400,28,10,10,10,23.4
250,417,1681,123,417,80,4.8,0.49,0.13,52,600,28,10,10,10,23.4
250,417,1681,123,417,80,4.8,0.49,0.13,52,800,28,10,10,10,23.4
350,373,1507,172,373,80,4.8,0.49,0.13,52,20,28,10,10,10,48.99
350,373,1507,172,373,80,4.8,0.49,0.13,52,100,28,10,10,10,44.58
350,373,1507,172,373,80,4.8,0.49,0.13,52,400,28,10,10,10,34.12
350,373,1507,172,373,80,4.8,0.49,0.13,52,600,28,10,10,10,24.41
350,373,1507,172,373,80,4.8,0.49,0.13,52,800,28,10,10,10,20
500,373,820,385,373,80,6,0.77,0.13,52,20,28,10,10,10,38
500,373,820,385,373,80,6,0.77,0.13,52,200,28,10,10,10,36
500,373,820,385,373,80,6,0.77,0.13,52,800,28,10,10,10,20
450,373,805,346.5,373,50,6,0.77,0.13,52,20,28,10,10,10,46
450,373,805,346.5,373,50,6,0.77,0.13,52,200,28,10,10,10,41.5
450,373,805,346.5,373,50,6,0.77,0.13,52,400,28,10,10,10,36.2
400,373,790,308,373,100,6,0.77,0.13,52,20,28,10,10,10,50
400,373,790,308,373,100,6,0.77,0.13,52,200,28,10,10,10,42
400,373,790,308,373,100,6,0.77,0.13,52,800,28,10,10,10,21
350,373,775,269.5,373,150,6,0.77,0.13,52,20,28,10,10,10,33
350,373,775,269.5,373,150,6,0.77,0.13,52,200,28,10,10,10,29
350,373,775,269.5,373,150,6,0.77,0.13,52,800,28,10,10,10,20
400,373,1038,308,373,40,4.8,0.77,0.13,52,20,28,10,10,10,32
400,373,1038,308,373,40,4.8,0.77,0.13,52,200,28,10,10,10,29.5
400,373,1038,308,373,40,4.8,0.77,0.13,52,400,28,10,10,10,28.5
360,373,1028,277.2,373,40,4.8,0.77,0.13,52,20,28,10,10,10,35
360,373,1028,277.2,373,40,4.8,0.77,0.13,52,400,28,10,10,10,29
360,373,1028,277.2,373,40,4.8,0.77,0.13,52,800,28,10,10,10,20
320,373,1015,246.4,373,80,4.8,0.77,0.13,52,20,28,10,10,10,38
320,373,1015,246.4,373,80,4.8,0.77,0.13,52,200,28,10,10,10,35
320,373,1015,246.4,373,80,4.8,0.77,0.13,52,800,28,10,10,10,20
280,373,1005,215.6,373,120,4.8,0.77,0.13,52,20,28,10,10,10,28
280,373,1005,215.6,373,120,4.8,0.77,0.13,52,200,28,10,10,10,27
280,373,1005,215.6,373,120,4.8,0.77,0.13,52,400,28,10,10,10,21
500,700,1110,135,700,30,14,0.27,0.13,52,20,28,10,10,10,82.47
500,700,1110,135,700,30,14,0.27,0.13,52,600,28,10,10,10,42.58
500,700,1110,135,700,30,14,0.27,0.13,52,800,28,10,10,10,22.03
500,700,1110,135,700,22.5,15,0.27,0.13,52,20,28,10,10,10,84.14
500,700,1110,135,700,22.5,15,0.27,0.13,52,400,28,10,10,10,68.99
500,700,1110,135,700,22.5,15,0.27,0.13,52,800,28,10,10,10,23.39
500,700,1110,135,700,15,16,0.27,0.13,52,20,28,10,10,10,85.84
500,700,1110,135,700,15,16,0.27,0.13,52,400,28,10,10,10,76.62
500,700,1110,135,700,15,16,0.27,0.13,52,800,28,10,10,10,25.28
500,700,1110,135,700,22.5,18,0.27,0.13,52,20,28,10,10,10,85.21
500,700,1110,135,700,22.5,18,0.27,0.13,52,400,28,10,10,10,79.12
500,700,1110,135,700,22.5,18,0.27,0.13,52,600,28,10,10,10,51.11
470,700,1110,135,700,22.5,16,0.27,0.13,52,20,28,10,10,10,87.38
470,700,1110,135,700,22.5,16,0.27,0.13,52,600,28,10,10,10,47.39
470,700,1110,135,700,22.5,16,0.27,0.13,52,800,28,10,10,10,18.82
470,700,1110,135,700,7.5,18,0.27,0.13,52,20,28,10,10,10,87.61
470,700,1110,135,700,7.5,18,0.27,0.13,52,400,28,10,10,10,68.94
470,700,1110,135,700,7.5,18,0.27,0.13,52,800,28,10,10,10,20.06
470,700,1110,135,700,15,20,0.27,0.13,52,20,28,10,10,10,90.6
470,700,1110,135,700,15,20,0.27,0.13,52,400,28,10,10,10,75.71
470,700,1110,135,700,15,20,0.27,0.13,52,600,28,10,10,10,51.12
470,700,1110,135,700,15,20,0.27,0.13,52,20,28,10,10,10,78.22
470,700,1110,135,700,15,20,0.27,0.13,52,200,28,10,10,10,52.49
470,700,1110,135,700,15,20,0.27,0.13,52,400,28,10,10,10,25.72
326,659,1124,184,659,15,3,0.56,0.13,52,20,28,10,10,10,95.8
326,659,1124,184,659,15,3,0.56,0.13,52,650,28,10,10,10,57.9
326,659,1124,184,659,15,3,0.56,0.13,52,800,28,10,10,10,40
326,659,1124,184,659,15,3,0.56,0.13,52,950,28,10,10,10,21.3
391,689,1172,179,689,15,3.5,0.45,0.13,52,20,28,10,10,10,114.4
391,689,1172,179,689,15,3.5,0.45,0.13,52,400,28,10,10,10,84.8
391,689,1172,179,689,15,3.5,0.45,0.13,52,800,28,10,10,10,36.8
391,689,1172,179,689,15,3.5,0.45,0.13,52,950,28,10,10,10,25.4
442,689,1125,166,689,15,5.3,0.45,0.13,52,20,28,10,10,10,115.1
442,689,1125,166,689,15,5.3,0.45,0.13,52,400,28,10,10,10,85.2
442,689,1125,166,689,15,5.3,0.45,0.13,52,650,28,10,10,10,73.5
442,689,1125,166,689,15,5.3,0.45,0.13,52,950,28,10,10,10,25.5
440,702,1099,149,702,15,6.6,0.33,0.13,52,20,28,10,10,10,133.6
440,702,1099,149,702,15,6.6,0.33,0.13,52,400,28,10,10,10,98.1
440,702,1099,149,702,15,6.6,0.33,0.13,52,650,28,10,10,10,84.9
440,702,1099,149,702,15,6.6,0.33,0.13,52,800,28,10,10,10,43.1
437,783,1016,170,783,15,1.9,0.38,0.13,52,300,28,10,10,10,57.2
437,783,1016,170,783,15,1.9,0.38,0.13,52,400,28,10,10,10,58
437,783,1016,170,783,15,1.9,0.38,0.13,52,500,28,10,10,10,47.2
437,783,1016,170,783,15,1.9,0.38,0.13,52,600,28,10,10,10,36.5
437,783,1016,170,783,15,1.9,0.38,0.13,52,700,28,10,10,10,28.3
500,630,1260,150,630,15,10,0.3,0.13,52,22,28,10,10,10,49
500,630,1260,150,630,15,10,0.3,0.13,52,300,28,10,10,10,41
500,630,1260,150,630,15,10,0.3,0.13,52,400,28,10,10,10,23
500,630,1260,150,630,15,10,0.3,0.13,52,600,28,10,10,10,20
500,630,1260,150,630,15,10,0.3,0.13,52,800,28,10,10,10,20
450,630,1260,150,630,50,10,0.33,0.13,52,22,28,10,10,10,52
450,630,1260,150,630,50,10,0.33,0.13,52,105,28,10,10,10,53
450,630,1260,150,630,50,10,0.33,0.13,52,400,28,10,10,10,27
450,630,1260,150,630,50,10,0.33,0.13,52,600,28,10,10,10,20
450,630,1260,150,630,50,10,0.33,0.13,52,800,28,10,10,10,20
425,630,1260,150,630,75,12.5,0.35,0.13,52,22,28,10,10,10,57
425,630,1260,150,630,75,12.5,0.35,0.13,52,105,28,10,10,10,66
425,630,1260,150,630,75,12.5,0.35,0.13,52,400,28,10,10,10,61
425,630,1260,150,630,75,12.5,0.35,0.13,52,600,28,10,10,10,21
425,630,1260,150,630,75,12.5,0.35,0.13,52,800,28,10,10,10,21
400,630,1260,150,630,100,15,0.37,0.13,52,22,28,10,10,10,64
400,630,1260,150,630,100,15,0.37,0.13,52,105,28,10,10,10,78
400,630,1260,150,630,100,15,0.37,0.13,52,300,28,10,10,10,65
400,630,1260,150,630,100,15,0.37,0.13,52,400,28,10,10,10,37
400,630,1260,150,630,100,15,0.37,0.13,52,800,28,10,10,10,21
308,933,968,185,933,100,6,0.6,0.13,52,20,28,10,10,10,37.5
308,933,968,185,933,100,6,0.6,0.13,52,100,28,10,10,10,31.5
308,933,968,185,933,100,6,0.6,0.13,52,150,28,10,10,10,29.4
308,933,968,185,933,100,6,0.6,0.13,52,200,28,10,10,10,29.2
308,933,968,185,933,100,6,0.6,0.13,52,250,28,10,10,10,34.7
310,940,976,186,940,31,7.7,0.6,0.13,52,20,28,10,10,10,44.5
310,940,976,186,940,31,7.7,0.6,0.13,52,50,28,10,10,10,44.3
310,940,976,186,940,31,7.7,0.6,0.13,52,150,28,10,10,10,46.5
310,940,976,186,940,31,7.7,0.6,0.13,52,200,28,10,10,10,48.9
310,940,976,186,940,31,7.7,0.6,0.13,52,250,28,10,10,10,47.1
512,711,1106,154,711,31,18,0.3,0.13,52,20,28,10,10,10,80.6
512,711,1106,154,711,31,18,0.3,0.13,52,50,28,10,10,10,80.5
512,711,1106,154,711,31,18,0.3,0.13,52,100,28,10,10,10,67.8
512,711,1106,154,711,31,18,0.3,0.13,52,200,28,10,10,10,78.9
512,711,1106,154,711,31,18,0.3,0.13,52,250,28,10,10,10,83.7
511,709,1122,153,709,51,20.4,0.29,0.13,52,20,28,10,10,10,85.1
511,709,1122,153,709,51,20.4,0.29,0.13,52,50,28,10,10,10,85.2
511,709,1122,153,709,51,20.4,0.29,0.13,52,100,28,10,10,10,89.6
511,709,1122,153,709,51,20.4,0.29,0.13,52,150,28,10,10,10,94.6
511,709,1122,153,709,51,20.4,0.29,0.13,52,250,28,10,10,10,101.3
500,750,1068,150,750,51,20.4,0.3,0.13,52,100,28,10,10,10,75.3
500,750,1068,150,750,51,20.4,0.3,0.13,52,200,28,10,10,10,68.9
500,750,1068,150,750,51,20.4,0.3,0.13,52,400,28,10,10,10,66
500,750,1068,150,750,51,20.4,0.3,0.13,52,600,28,10,10,10,35.4
350,750,1023,150,750,51,20.4,0.42,0.13,52,23,28,10,10,10,75.2
350,750,1023,150,750,51,20.4,0.42,0.13,52,200,28,10,10,10,73.3
350,750,1023,150,750,51,20.4,0.42,0.13,52,400,28,10,10,10,60.4
350,750,1023,150,750,51,20.4,0.42,0.13,52,600,28,10,10,10,39.2
475,750,1065,150,750,51,25,0.31,0.13,52,23,28,10,10,10,75.6
475,750,1065,150,750,51,25,0.31,0.13,52,100,28,10,10,10,75.4
475,750,1065,150,750,51,25,0.31,0.13,52,400,28,10,10,10,68.5
475,750,1065,150,750,51,25,0.31,0.13,52,600,28,10,10,10,34.2
390,585,1209,195,585,51,25,0.5,0.13,52,23,28,10,10,10,34.1
390,585,1209,195,585,51,25,0.5,0.13,52,100,28,10,10,10,35.6
390,585,1209,195,585,51,25,0.5,0.13,52,200,28,10,10,10,31.5
390,585,1209,195,585,51,25,0.5,0.13,52,600,28,10,10,10,20
390,585,1209,195,585,51,25,0.5,0.13,52,400,28,10,10,10,26.6
572,1345,1209,286,1345,51,25,0.5,0.13,52,600,28,10,10,10,43.4
786,1345,1209,236,1345,78.6,25.9,0.3,0.13,52,800,28,10,10,10,41.3
572,1345,1209,286,1345,16.9,25.9,0.5,0.13,52,23,28,10,10,10,58.2
572,1345,1209,286,1345,16.9,25.9,0.5,0.13,52,200,28,10,10,10,55
572,1345,1209,286,1345,16.9,25.9,0.5,0.13,52,400,28,10,10,10,52.2
572,1345,1209,286,1345,16.9,25.9,0.5,0.13,52,800,28,10,10,10,31.5
572,1345,1209,286,1345,16.9,25.9,0.5,0.13,52,1000,28,10,10,10,20
786,1286,1209,236,1286,78.6,25.9,0.3,0.13,52,23,28,10,10,10,71
786,1286,1209,236,1286,78.6,25.9,0.3,0.13,52,200,28,10,10,10,58
786,1286,1209,236,1286,78.6,25.9,0.3,0.13,52,400,28,10,10,10,65.4
786,1286,1209,236,1286,78.6,25.9,0.3,0.13,52,600,28,10,10,10,62.9
786,1286,1209,236,1286,78.6,25.9,0.3,0.13,52,1000,28,10,10,10,21
430,687,1030,172,687,16.9,1.6,0.4,0.13,52,20,28,10,10,10,61.8
430,687,1030,172,687,16.9,1.6,0.4,0.13,52,100,28,10,10,10,53.4
430,687,1030,172,687,16.9,1.6,0.4,0.13,52,200,28,10,10,10,55
430,687,1030,172,687,16.9,1.6,0.4,0.13,52,300,28,10,10,10,46.5
430,687,1030,172,687,16.9,1.6,0.4,0.13,52,600,28,10,10,10,20.6
441,653,115,164,653,28,2.9,0.37,0.13,52,100,28,10,10,10,62.8
441,653,115,164,653,28,2.9,0.37,0.13,52,200,28,10,10,10,64.7
441,653,115,164,653,28,2.9,0.37,0.13,52,300,28,10,10,10,56.5
441,653,115,164,653,28,2.9,0.37,0.13,52,600,28,10,10,10,21.8
495,615,1168,149,615,28,1.9,0.3,0.13,52,20,28,10,10,10,67.4
495,615,1168,149,615,28,1.9,0.3,0.13,52,200,28,10,10,10,59.7
495,615,1168,149,615,28,1.9,0.3,0.13,52,300,28,10,10,10,49
495,615,1168,149,615,28,1.9,0.3,0.13,52,600,28,10,10,10,21
465,615,1168,149,615,30,3.1,0.32,0.13,52,20,28,10,10,10,80.3
465,615,1168,149,615,30,3.1,0.32,0.13,52,100,28,10,10,10,68
465,615,1168,149,615,30,3.1,0.32,0.13,52,300,28,10,10,10,56.5
465,615,1168,149,615,30,3.1,0.32,0.13,52,600,28,10,10,10,23.4
450,615,1168,149,615,45,3.7,0.33,0.13,52,20,28,10,10,10,84.2
450,615,1168,149,615,45,3.7,0.33,0.13,52,100,28,10,10,10,70.8
450,615,1168,149,615,45,3.7,0.33,0.13,52,200,28,10,10,10,71.7
250,417,1681,149,417,45,3.7,0.59,0.13,52,100,28,10,10,10,25.74
350,373,1507,123,373,45,3.7,0.35,0.13,52,200,28,10,10,10,40.35
500,373,820,172,373,45,6,0.35,0.13,52,400,28,10,10,10,34.5
450,373,805,385,373,50,6,0.85,0.13,52,800,28,10,10,10,21
400,373,790,346.5,373,100,6,0.86,0.13,52,200,28,10,10,10,44
350,373,775,308,373,150,6,0.88,0.13,52,400,28,10,10,10,27
400,373,1038,269.5,373,40,4.8,0.67,0.13,52,800,28,10,10,10,20
360,373,1028,308,373,40,4.8,0.85,0.13,52,200,28,10,10,10,32
320,373,1015,277.2,373,80,4.8,0.86,0.13,52,400,28,10,10,10,30
280,373,1005,246.4,373,120,4.8,0.88,0.13,52,800,28,10,10,10,20
500,700,1110,215.6,700,30,14,0.43,0.13,52,400,28,10,10,10,69.87
500,700,1110,135,700,22.5,15,0.27,0.13,52,600,28,10,10,10,45.23
500,700,1110,135,700,15,16,0.27,0.13,52,600,28,10,10,10,48.79
500,700,1110,135,700,7.5,18,0.27,0.13,52,800,28,10,10,10,27.38
470,700,1110,135,700,60,16,0.27,0.13,52,400,28,10,10,10,69.86
470,700,1110,135,700,52.5,18,0.28,0.13,52,600,28,10,10,10,47.07
470,700,1110,135,700,45,20,0.28,0.13,52,800,28,10,10,10,22.32
470,700,1110,135,700,37.5,22,0.28,0.13,52,20,28,10,10,10,91.24
326,659,1124,184,659,37.5,3,0.56,0.13,52,400,28,10,10,10,69.2
391,689,1172,179,689,37.5,3.5,0.45,0.13,52,650,28,10,10,10,66.9
442,689,1125,166,689,37.5,5.3,0.37,0.13,52,800,28,10,10,10,37.9
440,702,1099,149,702,37.5,6.6,0.33,0.13,52,950,28,10,10,10,29.4
437,783,1016,170,783,37.5,1.9,0.38,0.13,52,20,28,10,10,10,71.2
500,630,1260,150,630,37.5,10,0.3,0.13,52,105,28,10,10,10,51
450,630,1260,150,630,50,10,0.33,0.13,52,300,28,10,10,10,49
425,630,1260,150,630,75,12.5,0.35,0.13,52,400,28,10,10,10,32
400,630,1260,150,630,100,15,0.37,0.13,52,600,28,10,10,10,28
308,933,968,185,933,100,6,0.6,0.13,52,50,28,10,10,10,37.2
310,940,976,186,940,31,7.7,0.6,0.13,52,100,28,10,10,10,44.1
512,711,1106,154,711,31,18,0.3,0.13,52,150,28,10,10,10,72.8
511,709,1122,153,709,51,18,0.29,0.13,52,200,28,10,10,10,95.3
500,750,1068,150,750,51,18,0.29,0.13,52,23,28,10,10,10,75.5
350,750,1023,150,750,51,18,0.42,0.13,52,100,28,10,10,10,73.7
475,750,1065,150,750,51,25,0.34,0.13,52,200,28,10,10,10,73.4
441,653,1115,164,653,28,2.9,0.37,0.13,52,20,28,10,10,10,73.9
495,615,1168,149,615,28,1.9,0.33,0.13,52,100,28,10,10,10,57.6
465,615,1168,149,615,30,3.1,0.32,0.13,52,200,28,10,10,10,69
450,615,1168,149,615,45,3.7,0.33,0.13,52,300,28,10,10,10,57.9
450,615,1168,149,1460,45,3.7,0.33,0.13,52,600,28,10,10,10,22.6
474,506,1238,185,1460,45,3.7,0.4,0.13,40,20,28,10,10,10,39
474,506,1238,185,1460,39,3.7,0.4,0.6,40,20,28,10,10,10,37.5
474,481,1238,185,1460,39,3.7,0.4,0.6,40,20,28,10,10,10,34
474,456,1238,185,1460,39,3.7,0.4,0.6,40,20,28,10,10,10,29
474,430,1238,185,1460,39,3.7,0.4,0.6,40,20,28,10,10,10,23
474,506,1238,185,1460,78,3.7,0.4,1.2,40,20,28,10,10,10,38
474,481,1238,185,1460,78,3.7,0.4,1.2,40,20,28,10,10,10,36
474,456,1238,185,1460,78,3.7,0.4,1.2,40,20,28,10,10,10,32
474,430,1238,185,1460,78,3.7,0.4,1.2,40,20,28,10,10,10,24
474,506,1238,185,1460,39,3.7,0.4,1.2,40,200,28,10,10,10,33
474,506,1238,185,1460,39,3.7,0.4,0.6,40,200,28,10,10,10,34
474,481,1238,185,1460,39,3.7,0.4,0.6,40,200,28,10,10,10,30
474,456,1238,185,1460,39,3.7,0.4,0.6,40,200,28,10,10,10,24
474,430,1238,185,1460,39,3.7,0.4,0.6,40,200,28,10,10,10,20
474,506,1238,185,1460,78,3.7,0.4,1.2,40,200,28,10,10,10,35.5
474,481,1238,185,1460,78,3.7,0.4,1.2,40,200,28,10,10,10,31
474,456,1238,185,1460,78,3.7,0.4,1.2,40,200,28,10,10,10,25
474,430,1238,185,1460,78,3.7,0.4,1.2,40,200,28,10,10,10,20
474,506,1238,185,1460,39,3.7,0.4,1.2,40,400,28,10,10,10,28.5
474,506,1238,185,1460,39,3.7,0.4,0.6,40,400,28,10,10,10,30.5
474,481,1238,185,1460,39,3.7,0.4,0.6,40,400,28,10,10,10,27
474,456,1238,185,1460,39,3.7,0.4,0.6,40,400,28,10,10,10,20
474,430,1238,185,1460,39,3.7,0.4,0.6,40,400,28,10,10,10,20
474,506,1238,185,1460,78,3.7,0.4,1.2,40,400,28,10,10,10,32.5
474,481,1238,185,1460,78,3.7,0.4,1.2,40,400,28,10,10,10,28
474,456,1238,185,1460,78,3.7,0.4,1.2,40,400,28,10,10,10,23
474,430,1238,185,1460,78,3.7,0.4,1.2,40,400,28,10,10,10,20
474,506,1238,185,1460,39,3.7,0.4,1.2,40,600,28,10,10,10,22
474,506,1238,185,1460,39,3.7,0.4,0.6,40,600,28,10,10,10,21
474,481,1238,185,1460,39,3.7,0.4,0.6,40,600,28,10,10,10,21
474,456,1238,185,1460,39,3.7,0.4,0.6,40,600,28,10,10,10,21
474,430,1238,185,1460,39,3.7,0.4,0.6,40,600,28,10,10,10,21
474,506,1238,185,1460,78,3.7,0.4,1.2,40,600,28,10,10,10,22
474,481,1238,185,1460,78,3.7,0.4,1.2,40,600,28,10,10,10,22
474,456,1238,185,1460,78,3.7,0.4,1.2,40,600,28,10,10,10,22
474,430,1238,185,1460,78,3.7,0.4,1.2,40,600,28,10,10,10,22
474,506,1238,185,1460,39,3.7,0.4,1.2,40,800,28,10,10,10,22
474,506,1238,185,1460,39,3.7,0.4,0.6,40,800,28,10,10,10,22
474,481,1238,185,1460,39,3.7,0.4,0.6,40,800,28,10,10,10,22
474,456,1238,185,1460,39,3.7,0.4,0.6,40,800,28,10,10,10,22
474,430,1238,185,1460,39,3.7,0.4,0.6,40,800,28,10,10,10,22
474,506,1238,185,1460,78,3.7,0.4,1.2,40,800,28,10,10,10,22
474,481,1238,185,1460,78,3.7,0.4,1.2,40,800,28,10,10,10,22
474,456,1238,185,1460,78,3.7,0.4,1.2,40,800,28,10,10,10,22
474,430,1238,185,1460,78,3.7,0.4,1.2,40,800,28,10,10,10,22
600,668,1002,180,668,78,3.7,0.3,2,30,200,7,10,10,10,95
600,668,1002,180,668,78,3.7,0.3,2,30,400,7,10,10,10,91
600,668,1002,180,668,78,3.7,0.3,2,30,600,7,10,10,10,74
600,668,1002,180,668,78,3.7,0.3,2,30,200,7,10,10,10,96
600,668,1002,180,668,78,3.7,0.3,2,30,400,7,10,10,10,91
600,668,1002,180,668,78,3.7,0.3,2,30,600,7,10,10,10,72
600,668,1002,180,668,78,3.7,0.3,2,30,200,7,10,10,10,89
600,668,1002,180,668,78,3.7,0.3,2,30,400,7,10,10,10,84
600,668,1002,180,668,78,3.7,0.3,2,30,600,7,10,10,10,65
1021,1040,1002,202,1040,102,12.6,0.18,0,0,30,28,5,5,5,124.6
1021,1040,1002,202,1040,102,12.6,0.18,0,0,100,28,5,5,5,87.2
1021,1040,1002,202,1040,102,12.6,0.18,0,0,200,28,5,5,5,87.2
1021,1040,1002,202,1040,102,12.6,0.18,0,0,400,28,5,5,5,99.7
1021,1040,1002,202,1040,102,12.6,0.18,0,0,600,28,5,5,5,69.8
1021,1040,1002,202,1040,102,15,0.18,1,81,30,28,5,5,5,127.2
1021,1040,1002,202,1040,102,15,0.18,1,81,100,28,5,5,5,99.2
1021,1040,1002,202,1040,102,15,0.18,1,81,200,28,5,5,5,110.7
1021,1040,1002,202,1040,102,15,0.18,1,81,400,28,5,5,5,119.6
1021,1040,1002,202,1040,102,15,0.18,1,81,600,28,5,5,5,92.9
383,642,1188,162,642,16.9,3.83,0.42,0,0,80,28,10,10,10,27.88
397.5,660.5,1208,177,660,16.9,3.97,0.44,0,0,120,28,10,10,10,35.15
412,679,1228,192,679,16.9,4.12,0.46,0,0,200,28,10,10,10,42.75
490,750,905,185,750,16.9,4.9,0.37,0,60,24,28,10,10,10,43.91
490,750,905,185,750,16.9,4.9,0.37,1,60,24,28,10,10,10,42.04
490,750,905,185,750,16.9,4.9,0.37,2,60,24,28,10,10,10,34.61
490,750,905,185,750,16.9,4.9,0.37,3,60,24,28,10,10,10,35.02
465.5,750,905,185,750,16.9,4.8,0.39,1,60,24,28,10,10,10,46.22
465.5,750,905,185,750,16.9,4.8,0.39,2,60,24,28,10,10,10,51.17
465.5,750,905,185,750,16.9,4.8,0.39,3,60,24,28,10,10,10,36
441,750,905,185,750,10,4.8,0.41,1,60,24,28,10,10,10,54.12
441,750,905,185,750,10,4.8,0.41,2,60,24,28,10,10,10,49.8
441,750,905,185,750,10,4.8,0.41,3,60,24,28,10,10,10,37.25
416.5,750,905,185,750,15,4.7,0.44,1,60,24,28,10,10,10,33.42
416.5,750,905,185,750,15,4.7,0.44,2,60,24,28,10,10,10,28.74
416.5,750,905,185,750,15,4.7,0.44,3,60,24,28,10,10,10,26.56
490,750,905,185,750,15,4.9,0.37,0,60,200,28,10,10,10,45.26
490,750,905,185,750,15,4.9,0.37,1,60,200,28,10,10,10,44.11
490,750,905,185,750,15,4.9,0.37,2,60,200,28,10,10,10,39.17
490,750,905,185,750,15,4.9,0.37,3,60,200,28,10,10,10,33.29
465.5,750,905,185,750,15,4.8,0.39,1,60,200,28,10,10,10,49.24
465.5,750,905,185,750,15,4.8,0.39,2,60,200,28,10,10,10,56.45
465.5,750,905,185,750,15,4.8,0.39,3,60,200,28,10,10,10,43.96
441,750,905,185,750,10,4.8,0.41,1,60,200,28,10,10,10,58.12
441,750,905,185,750,10,4.8,0.41,2,60,200,28,10,10,10,54.98
441,750,905,185,750,10,4.8,0.41,3,60,200,28,10,10,10,46.27
416.5,750,905,185,750,15,4.7,0.44,1,60,200,28,10,10,10,47.01
416.5,750,905,185,750,15,4.7,0.44,2,60,200,28,10,10,10,35.2
416.5,750,905,185,750,15,4.7,0.44,3,60,200,28,10,10,10,33.97
490,750,905,185,750,15,4.9,0.37,0,60,400,28,10,10,10,50.9
490,750,905,185,750,15,4.9,0.37,1,60,400,28,10,10,10,47.62
490,750,905,185,750,15,4.9,0.37,2,60,400,28,10,10,10,40.07
490,750,905,185,750,15,4.9,0.37,3,60,400,28,10,10,10,20.33
465.5,750,905,185,750,15,4.8,0.39,1,60,400,28,10,10,10,54.03
465.5,750,905,185,750,15,4.8,0.39,2,60,400,28,10,10,10,59.11
465.5,750,905,185,750,15,4.8,0.39,3,60,400,28,10,10,10,40.83
441,750,905,185,750,10,4.8,0.41,1,60,400,28,10,10,10,66.69
441,750,905,185,750,10,4.8,0.41,2,60,400,28,10,10,10,57.43
441,750,905,185,750,10,4.8,0.41,3,60,400,28,10,10,10,36.5
416.5,750,905,185,750,15,4.7,0.44,1,60,400,28,10,10,10,52.92
416.5,750,905,185,750,15,4.7,0.44,2,60,400,28,10,10,10,45.52
416.5,750,905,185,750,15,4.7,0.44,3,60,400,28,10,10,10,36.46
490,750,905,185,750,16.9,4.9,0.37,0,60,600,28,10,10,10,31.44
490,750,905,185,750,16.9,4.9,0.37,1,60,600,28,10,10,10,21.66
490,750,905,185,750,16.9,4.9,0.37,2,60,600,28,10,10,10,20.69
490,750,905,185,750,16.9,4.9,0.37,3,60,600,28,10,10,10,20.69
465.5,750,905,185,750,16.9,4.8,0.39,1,60,600,28,10,10,10,26.39
465.5,750,905,185,750,16.9,4.8,0.39,2,60,600,28,10,10,10,30.07
465.5,750,905,185,750,16.9,4.8,0.39,3,60,600,28,10,10,10,21.51
441,750,905,185,750,10,4.8,0.41,1,60,600,28,10,10,10,27.72
441,750,905,185,750,10,4.8,0.41,2,60,600,28,10,10,10,21.47
441,750,905,185,750,10,4.8,0.41,3,60,600,28,10,10,10,21.47
416.5,750,905,185,750,15,4.7,0.44,1,60,600,28,10,10,10,21.47
416.5,750,905,185,750,15,4.7,0.44,2,60,600,28,10,10,10,21.47
416.5,750,905,185,750,15,4.7,0.44,3,60,600,28,10,10,10,21.47
490,750,905,185,750,15,4.9,0.37,0,60,800,28,10,10,10,21.47
490,750,905,185,750,15,4.9,0.37,1,60,800,28,10,10,10,21.47
490,750,905,185,750,15,4.9,0.37,2,60,800,28,10,10,10,21.47
490,750,905,185,750,15,4.9,0.37,3,60,800,28,10,10,10,21.47
465.5,750,905,185,750,15,4.8,0.39,1,60,800,28,10,10,10,21.47
465.5,750,905,185,750,15,4.8,0.39,2,60,800,28,10,10,10,21.47
465.5,750,905,185,750,15,4.8,0.39,3,60,800,28,10,10,10,21.47
441,750,905,185,750,10,4.8,0.41,1,60,800,28,10,10,10,21.47
441,750,905,185,750,10,4.8,0.41,2,60,800,28,10,10,10,21.47
441,750,905,185,750,10,4.8,0.41,3,60,800,28,10,10,10,21.47
416.5,750,905,185,750,15,4.7,0.44,1,60,800,28,10,10,10,21.47
416.5,750,905,185,750,15,4.7,0.44,2,60,800,28,10,10,10,21.47
416.5,750,905,185,750,15,4.7,0.44,3,60,800,28,10,10,10,21.47
350,1084,1084,195,750,16.9,4.7,0.56,0,0,20,28,10,10,10,22.48
350,1084,1084,195,750,16.9,4.7,0.56,0,0,200,28,10,10,10,20
350,1084,1084,195,750,16.9,4.7,0.56,0,0,400,28,10,10,10,20
350,1084,1084,195,750,16.9,4.7,0.56,0,0,600,28,10,10,10,21.22
350,1084,1084,195,750,16.9,4.7,0.56,0.25,62.5,20,28,10,10,10,28.31
350,1084,1084,195,750,16.9,4.7,0.56,0.25,62.5,200,28,10,10,10,24.71
350,1084,1084,195,750,16.9,4.7,0.56,0.25,62.5,400,28,10,10,10,24.4
350,1084,1084,195,750,16.9,4.7,0.56,0.25,62.5,600,28,10,10,10,20
350,1084,1084,195,750,16.9,4.7,0.56,0.5,62.5,20,28,10,10,10,25.21
350,1084,1084,195,750,16.9,4.7,0.56,0.5,62.5,200,28,10,10,10,23.2
350,1084,1084,195,750,16.9,4.7,0.56,0.5,62.5,400,28,10,10,10,23.45
350,1084,1084,195,750,16.9,4.7,0.56,0.5,62.5,600,28,10,10,10,20
350,1084,1084,195,750,16.9,4.7,0.56,0.75,62.5,20,28,10,10,10,22.05
350,1084,1084,195,750,16.9,4.7,0.56,0.75,62.5,200,28,10,10,10,24.85
350,1084,1084,195,750,16.9,4.7,0.56,0.75,62.5,400,28,10,10,10,21.36
350,1084,1084,195,750,16.9,4.7,0.56,0.75,62.5,600,28,10,10,10,20
350,1084,1084,195,750,16.9,4.7,0.56,1,62.5,20,28,10,10,10,23.51
350,1084,1084,195,750,16.9,4.7,0.56,1,62.5,200,28,10,10,10,24.35
350,1084,1084,195,750,16.9,4.7,0.56,1,62.5,400,28,10,10,10,20.84
350,1084,1084,195,750,16.9,4.7,0.56,1,62.5,600,28,10,10,10,20
350,1084,1084,195,750,16.9,4.7,0.56,0.25,0,20,28,10,10,10,22.31
350,1084,1084,195,750,16.9,4.7,0.56,0.25,0,200,28,10,10,10,22.08
350,1084,1084,195,750,16.9,4.7,0.56,0.25,0,400,28,10,10,10,22.13
350,1084,1084,195,750,16.9,4.7,0.56,0.25,0,600,28,10,10,10,20
350,1084,1084,195,750,16.9,4.7,0.56,0.5,0,20,28,10,10,10,22.91
350,1084,1084,195,750,16.9,4.7,0.56,0.5,0,200,28,10,10,10,21.18
350,1084,1084,195,750,16.9,4.7,0.56,0.5,0,400,28,10,10,10,22.37
350,1084,1084,195,750,16.9,4.7,0.56,0.5,0,600,28,10,10,10,20
350,1084,1084,195,750,16.9,4.7,0.56,0.75,0,20,28,10,10,10,21.18
350,1084,1084,195,750,16.9,4.7,0.56,0.75,0,200,28,10,10,10,22.42
350,1084,1084,195,750,16.9,4.7,0.56,0.75,0,400,28,10,10,10,20.18
350,1084,1084,195,750,16.9,4.7,0.56,0.75,0,600,28,10,10,10,20
350,1084,1084,195,750,16.9,4.7,0.56,1,0,20,28,10,10,10,21.18
350,1084,1084,195,750,16.9,4.7,0.56,1,0,200,28,10,10,10,20
350,1084,1084,195,750,16.9,4.7,0.56,1,0,400,28,10,10,10,20
350,1084,1084,195,750,16.9,4.7,0.56,1,0,600,28,10,10,10,20
400,1055,1055,197,750,16.9,4.7,0.49,0,0,20,28,10,10,10,26.55
400,1055,1055,197,750,16.9,4.7,0.49,0,0,200,28,10,10,10,21.77
400,1055,1055,197,750,16.9,4.7,0.49,0,0,400,28,10,10,10,20.48
400,1055,1055,197,750,16.9,4.7,0.49,0,0,600,28,10,10,10,20.75
400,1055,1055,197,750,16.9,4.7,0.49,0.25,62.5,20,28,10,10,10,29.37
400,1055,1055,197,750,16.9,4.7,0.49,0.25,62.5,200,28,10,10,10,27.14
400,1055,1055,197,750,16.9,4.7,0.49,0.25,62.5,400,28,10,10,10,27.32
400,1055,1055,197,750,16.9,4.7,0.49,0.25,62.5,600,28,10,10,10,15.97
400,1055,1055,197,750,16.9,4.7,0.49,0.5,62.5,20,28,10,10,10,29.14
400,1055,1055,197,750,16.9,4.7,0.49,0.5,62.5,200,28,10,10,10,25.22
400,1055,1055,197,750,16.9,4.7,0.49,0.5,62.5,400,28,10,10,10,23.33
400,1055,1055,197,750,16.9,4.7,0.49,0.5,62.5,600,28,10,10,10,20
400,1055,1055,197,750,16.9,4.7,0.49,0.75,62.5,20,28,10,10,10,24.94
400,1055,1055,197,750,16.9,4.7,0.49,0.75,62.5,200,28,10,10,10,22.95
400,1055,1055,197,750,16.9,4.7,0.49,0.75,62.5,400,28,10,10,10,24.22
400,1055,1055,197,750,16.9,4.7,0.49,0.75,62.5,600,28,10,10,10,23.4
400,1055,1055,197,750,16.9,4.7,0.49,1,62.5,20,28,10,10,10,22.12
400,1055,1055,197,750,16.9,4.7,0.49,1,62.5,200,28,10,10,10,23.25
400,1055,1055,197,750,16.9,4.7,0.49,1,62.5,400,28,10,10,10,20
400,1055,1055,197,750,16.9,4.7,0.49,1,62.5,600,28,10,10,10,20
400,1055,1055,197,750,16.9,4.7,0.49,0.25,0,20,28,10,10,10,26.24
400,1055,1055,197,750,16.9,4.7,0.49,0.25,0,200,28,10,10,10,26.38
400,1055,1055,197,750,16.9,4.7,0.49,0.25,0,400,28,10,10,10,27.01
400,1055,1055,197,750,16.9,4.7,0.49,0.25,0,600,28,10,10,10,22.77
400,1055,1055,197,750,16.9,4.7,0.49,0.5,0,20,28,10,10,10,25.33
400,1055,1055,197,750,16.9,4.7,0.49,0.5,0,200,28,10,10,10,25.77
400,1055,1055,197,750,16.9,4.7,0.49,0.5,0,400,28,10,10,10,26.34
400,1055,1055,197,750,16.9,4.7,0.49,0.5,0,600,28,10,10,10,20.55
400,1055,1055,197,750,16.9,4.7,0.49,0.75,0,20,28,10,10,10,23.17
400,1055,1055,197,750,16.9,4.7,0.49,0.75,0,200,28,10,10,10,24.03
400,1055,1055,197,750,16.9,4.7,0.49,0.75,0,400,28,10,10,10,23.86
400,1055,1055,197,750,16.9,4.7,0.49,0.75,0,600,28,10,10,10,20
400,1055,1055,197,750,16.9,4.7,0.49,1,0,20,28,10,10,10,24.32
400,1055,1055,197,750,16.9,4.7,0.49,1,0,200,28,10,10,10,22.12
400,1055,1055,197,750,16.9,4.7,0.49,1,0,400,28,10,10,10,22.73
400,1055,1055,197,750,16.9,4.7,0.49,1,0,600,28,10,10,10,20
450,1052,1052,180,750,16.9,4.7,0.4,0,0,20,28,10,10,10,31.82
450,1052,1052,180,750,16.9,4.7,0.4,0,0,200,28,10,10,10,28.22
450,1052,1052,180,750,16.9,4.7,0.4,0,0,400,28,10,10,10,26.4
450,1052,1052,180,750,16.9,4.7,0.4,0,0,600,28,10,10,10,22.57
450,1052,1052,180,750,16.9,4.7,0.4,0.25,62.5,20,28,10,10,10,40.26
450,1052,1052,180,750,16.9,4.7,0.4,0.25,62.5,200,28,10,10,10,38.7
450,1052,1052,180,750,16.9,4.7,0.4,0.25,62.5,400,28,10,10,10,34.48
450,1052,1052,180,750,16.9,4.7,0.4,0.25,62.5,600,28,10,10,10,28.6
450,1052,1052,180,750,16.9,4.7,0.4,0.5,62.5,20,28,10,10,10,31.36
450,1052,1052,180,750,16.9,4.7,0.4,0.5,62.5,200,28,10,10,10,28.71
450,1052,1052,180,750,16.9,4.7,0.4,0.5,62.5,400,28,10,10,10,32.38
450,1052,1052,180,750,16.9,4.7,0.4,0.5,62.5,600,28,10,10,10,25.66
450,1052,1052,180,750,16.9,4.7,0.4,0.75,62.5,20,28,10,10,10,28.44
450,1052,1052,180,750,16.9,4.7,0.4,0.75,62.5,200,28,10,10,10,25.14
450,1052,1052,180,750,16.9,4.7,0.4,0.75,62.5,400,28,10,10,10,27.04
450,1052,1052,180,750,16.9,4.7,0.4,0.75,62.5,600,28,10,10,10,20
450,1052,1052,180,750,16.9,4.7,0.4,1,62.5,20,28,10,10,10,23.73
450,1052,1052,180,750,16.9,4.7,0.4,1,62.5,200,28,10,10,10,20.26
450,1052,1052,180,750,16.9,4.7,0.4,1,62.5,400,28,10,10,10,21.73
450,1052,1052,180,750,16.9,4.7,0.4,1,62.5,600,28,10,10,10,20
450,1052,1052,180,750,16.9,4.7,0.4,0.25,0,20,28,10,10,10,36.22
450,1052,1052,180,750,16.9,4.7,0.4,0.25,0,200,28,10,10,10,31.73
450,1052,1052,180,750,16.9,4.7,0.4,0.25,0,400,28,10,10,10,28.71
450,1052,1052,180,750,16.9,4.7,0.4,0.25,0,600,28,10,10,10,28.04
450,1052,1052,180,750,16.9,4.7,0.4,0.5,0,20,28,10,10,10,31.85
450,1052,1052,180,750,16.9,4.7,0.4,0.5,0,200,28,10,10,10,26.88
450,1052,1052,180,750,16.9,4.7,0.4,0.5,0,400,28,10,10,10,31.17
450,1052,1052,180,750,16.9,4.7,0.4,0.5,0,600,28,10,10,10,22.05
450,1052,1052,180,750,16.9,4.7,0.4,0.75,0,20,28,10,10,10,32.32
450,1052,1052,180,750,16.9,4.7,0.4,0.75,0,200,28,10,10,10,27.15
450,1052,1052,180,750,16.9,4.7,0.4,0.75,0,400,28,10,10,10,26.65
450,1052,1052,180,750,16.9,4.7,0.4,0.75,0,600,28,10,10,10,21.14
450,1052,1052,180,750,16.9,4.7,0.4,1,0,20,28,10,10,10,31.91
450,1052,1052,180,750,16.9,4.7,0.4,1,0,200,28,10,10,10,31.55
450,1052,1052,180,750,16.9,4.7,0.4,1,0,400,28,10,10,10,28.04
450,1052,1052,180,750,16.9,4.7,0.4,1,0,600,28,10,10,10,22.26
400,1038,1038,308,750,16.9,4.8,0.77,0,0,20,28,10,10,10,38
400,1038,1038,308,750,16.9,4.8,0.77,0,0,400,28,10,10,10,33
400,1038,1038,308,750,16.9,4.8,0.77,0,0,600,28,10,10,10,28
400,1038,1038,308,750,16.9,4.8,0.77,0,0,800,28,10,10,10,20
400,1038,1038,308,750,16.9,4.8,0.77,0.002,0,20,28,10,10,10,39
400,1038,1038,308,750,16.9,4.8,0.77,0.002,0,400,28,10,10,10,35
400,1038,1038,308,750,16.9,4.8,0.77,0.002,0,600,28,10,10,10,28
400,1038,1038,308,750,16.9,4.8,0.77,0.002,0,800,28,10,10,10,20
400,1038,1038,308,750,16.9,4.8,0.77,0.004,0,20,28,10,10,10,38
400,1038,1038,308,750,16.9,4.8,0.77,0.004,0,400,28,10,10,10,33
400,1038,1038,308,750,16.9,4.8,0.77,0.004,0,600,28,10,10,10,27
400,1038,1038,308,750,16.9,4.8,0.77,0.004,0,800,28,10,10,10,20
400,1038,1038,308,750,16.9,4.8,0.77,0.008,0,20,28,10,10,10,35
400,1038,1038,308,750,16.9,4.8,0.77,0.008,0,400,28,10,10,10,30
400,1038,1038,308,750,16.9,4.8,0.77,0.008,0,600,28,10,10,10,26
400,1038,1038,308,750,16.9,4.8,0.77,0.008,0,800,28,10,10,10,20
360,1028,1028,277.2,750,40,1028,0.693,0,0,20,28,10,10,10,36
360,1028,1028,277.2,750,40,1028,0.693,0,0,400,28,10,10,10,30
360,1028,1028,277.2,750,40,1028,0.693,0,0,600,28,10,10,10,27
360,1028,1028,277.2,750,40,1028,0.693,0,0,800,28,10,10,10,20
360,1028,1028,277.2,750,40,1028,0.693,0.002,0,20,28,10,10,10,40
360,1028,1028,277.2,750,40,1028,0.693,0.002,0,400,28,10,10,10,34
360,1028,1028,277.2,750,40,1028,0.693,0.002,0,600,28,10,10,10,30
360,1028,1028,277.2,750,40,1028,0.693,0.002,0,800,28,10,10,10,20
360,1028,1028,277.2,750,40,1028,0.693,0.004,0,20,28,10,10,10,41
360,1028,1028,277.2,750,40,1028,0.693,0.004,0,400,28,10,10,10,36
360,1028,1028,277.2,750,40,1028,0.693,0.004,0,600,28,10,10,10,32
360,1028,1028,277.2,750,40,1028,0.693,0.004,0,800,28,10,10,10,20
360,1028,1028,277.2,750,40,1028,0.693,0.008,0,20,28,10,10,10,36
360,1028,1028,277.2,750,40,1028,0.693,0.008,0,400,28,10,10,10,33
360,1028,1028,277.2,750,40,1028,0.693,0.008,0,600,28,10,10,10,28
360,1028,1028,277.2,750,40,1028,0.693,0.008,0,800,28,10,10,10,20
320,1015,1015,246.4,750,80,1015,0.616,0,0,20,28,10,10,10,40
320,1015,1015,246.4,750,80,1015,0.616,0,0,400,28,10,10,10,30
320,1015,1015,246.4,750,80,1015,0.616,0,0,600,28,10,10,10,29
320,1015,1015,246.4,750,80,1015,0.616,0,0,800,28,10,10,10,20
320,1015,1015,246.4,750,80,1015,0.616,0.002,0,20,28,10,10,10,41
320,1015,1015,246.4,750,80,1015,0.616,0.002,0,400,28,10,10,10,36
320,1015,1015,246.4,750,80,1015,0.616,0.002,0,600,28,10,10,10,33
320,1015,1015,246.4,750,80,1015,0.616,0.002,0,800,28,10,10,10,20
320,1015,1015,246.4,750,80,1015,0.616,0.004,0,20,28,10,10,10,40
320,1015,1015,246.4,750,80,1015,0.616,0.004,0,400,28,10,10,10,35
320,1015,1015,246.4,750,80,1015,0.616,0.004,0,600,28,10,10,10,28
320,1015,1015,246.4,750,80,1015,0.616,0.004,0,800,28,10,10,10,20
320,1015,1015,246.4,750,80,1015,0.616,0.008,0,20,28,10,10,10,38
320,1015,1015,246.4,750,80,1015,0.616,0.008,0,400,28,10,10,10,35
320,1015,1015,246.4,750,80,1015,0.616,0.008,0,600,28,10,10,10,28
320,1015,1015,246.4,750,80,1015,0.616,0.008,0,800,28,10,10,10,20
532,804,804,159,750,16.9,1,0.3,0,400,25,28,10,10,20,50.05
532,804,804,159,750,16.9,1,0.3,0,400,150,28,10,10,20,39.23
532,804,804,159,750,16.9,1,0.3,0,400,350,28,10,10,20,36.96
532,804,804,159,750,16.9,1,0.3,0,400,550,28,10,10,20,34.08
532,804,804,159,750,16.9,1,0.3,0,400,750,28,10,10,20,22.57
532,804,804,159,750,16.9,1,0.3,0.5,400,25,28,10,10,20,50.79
532,804,804,159,750,16.9,1,0.3,0.5,400,150,28,10,10,20,43.55
532,804,804,159,750,16.9,1,0.3,0.5,400,350,28,10,10,20,39.4
532,804,804,159,750,16.9,1,0.3,0.5,400,550,28,10,10,20,36.09
532,804,804,159,750,16.9,1,0.3,0.5,400,750,28,10,10,20,25.26
532,804,804,159,750,16.9,1,0.3,1,400,25,28,10,10,20,51.33
532,804,804,159,750,16.9,1,0.3,1,400,150,28,10,10,20,44.8
532,804,804,159,750,16.9,1,0.3,1,400,350,28,10,10,20,41.82
532,804,804,159,750,16.9,1,0.3,1,400,550,28,10,10,20,39.35
532,804,804,159,750,16.9,1,0.3,1,400,750,28,10,10,20,27.92
532,804,804,159,750,16.9,1,0.3,1.5,400,25,28,10,10,20,53.66
532,804,804,159,750,16.9,1,0.3,1.5,400,150,28,10,10,20,46.43
532,804,804,159,750,16.9,1,0.3,1.5,400,350,28,10,10,20,42.86
532,804,804,159,750,16.9,1,0.3,1.5,400,550,28,10,10,20,40.89
532,804,804,159,750,16.9,1,0.3,1.5,400,750,28,10,10,20,28.78
350,1084,1084,195,750,16.9,4.5,0.557,0,0,20,28,15,15,15,22.48
350,1084,1084,195,750,16.9,4.5,0.557,0,0,200,28,15,15,15,20
350,1084,1084,195,750,16.9,4.5,0.557,0,0,400,28,15,15,15,20
350,1084,1084,195,750,16.9,4.5,0.557,0,0,600,28,15,15,15,23.4
350,1084,1084,195,750,16.9,4.5,0.557,0.25,62.5,20,28,15,15,15,28.31
350,1084,1084,195,750,16.9,4.5,0.557,0.25,62.5,200,28,15,15,15,24.71
350,1084,1084,195,750,16.9,4.5,0.557,0.25,62.5,400,28,15,15,15,24.4
350,1084,1084,195,750,16.9,4.5,0.557,0.25,62.5,600,28,15,15,15,20
350,1084,1084,195,750,16.9,4.5,0.557,0.25,400,20,28,15,15,15,22.31
350,1084,1084,195,750,16.9,4.5,0.557,0.25,400,200,28,15,15,15,22.08
350,1084,1084,195,750,16.9,4.5,0.557,0.25,400,400,28,15,15,15,22.13
350,1084,1084,195,750,16.9,4.5,0.557,0.25,400,600,28,15,15,15,20
350,1084,1084,195,750,16.9,4.5,0.557,0.5,62.5,20,28,15,15,15,25.21
350,1084,1084,195,750,16.9,4.5,0.557,0.5,62.5,200,28,15,15,15,23.2
350,1084,1084,195,750,16.9,4.5,0.557,0.5,62.5,400,28,15,15,15,23.45
350,1084,1084,195,750,16.9,4.5,0.557,0.5,62.5,600,28,15,15,15,20
350,1084,1084,195,750,16.9,4.5,0.557,0.5,400,20,28,15,15,15,22.91
350,1084,1084,195,750,16.9,4.5,0.557,0.5,400,200,28,15,15,15,21.18
350,1084,1084,195,750,16.9,4.5,0.557,0.5,400,400,28,15,15,15,22.37
350,1084,1084,195,750,16.9,4.5,0.557,0.5,400,600,28,15,15,15,20
350,1084,1084,195,750,16.9,4.5,0.557,0.75,62.5,20,28,15,15,15,22.05
350,1084,1084,195,750,16.9,4.5,0.557,0.75,62.5,200,28,15,15,15,24.85
350,1084,1084,195,750,16.9,4.5,0.557,0.75,62.5,400,28,15,15,15,21.36
350,1084,1084,195,750,16.9,4.5,0.557,0.75,62.5,600,28,15,15,15,20
350,1084,1084,195,750,16.9,4.5,0.557,0.75,400,20,28,15,15,15,21.18
350,1084,1084,195,750,16.9,4.5,0.557,0.75,400,200,28,15,15,15,22.42
350,1084,1084,195,750,16.9,4.5,0.557,0.75,400,400,28,15,15,15,20.18
350,1084,1084,195,750,16.9,4.5,0.557,0.75,400,600,28,15,15,15,20
350,1084,1084,195,750,16.9,4.5,0.557,1,62.5,20,28,15,15,15,23.51
350,1084,1084,195,750,16.9,4.5,0.557,1,62.5,200,28,15,15,15,24.35
350,1084,1084,195,750,16.9,4.5,0.557,1,62.5,400,28,15,15,15,20.84
350,1084,1084,195,750,16.9,4.5,0.557,1,62.5,600,28,15,15,15,20
350,1084,1084,195,750,16.9,4.5,0.557,1,400,20,28,15,15,15,21.18
350,1084,1084,195,750,16.9,4.5,0.557,1,400,200,28,15,15,15,20
350,1084,1084,195,750,16.9,4.5,0.557,1,400,400,28,15,15,15,20
350,1084,1084,195,750,16.9,4.5,0.557,1,400,600,28,15,15,15,20
400,1055,1055,197,750,16.9,5.2,0.492,0,0,20,28,15,15,15,26.55
400,1055,1055,197,750,16.9,5.2,0.492,0,0,200,28,15,15,15,21.77
400,1055,1055,197,750,16.9,5.2,0.492,0,0,400,28,15,15,15,20.48
400,1055,1055,197,750,16.9,5.2,0.492,0,0,600,28,15,15,15,20.75
400,1055,1055,197,750,16.9,5.2,0.492,0.25,62.5,20,28,15,15,15,29.37
400,1055,1055,197,750,16.9,5.2,0.492,0.25,62.5,200,28,15,15,15,27.14
400,1055,1055,197,750,16.9,5.2,0.492,0.25,62.5,400,28,15,15,15,27.32
400,1055,1055,197,750,16.9,5.2,0.492,0.25,62.5,600,28,15,15,15,20
400,1055,1055,197,750,16.9,5.2,0.492,0.25,400,20,28,15,15,15,26.24
400,1055,1055,197,750,16.9,5.2,0.492,0.25,400,200,28,15,15,15,26.38
400,1055,1055,197,750,16.9,5.2,0.492,0.25,400,400,28,15,15,15,27.01
400,1055,1055,197,750,16.9,5.2,0.492,0.25,400,600,28,15,15,15,22.77
400,1055,1055,197,750,16.9,5.2,0.492,0.5,62.5,20,28,15,15,15,29.14
400,1055,1055,197,750,16.9,5.2,0.492,0.5,62.5,200,28,15,15,15,25.22
400,1055,1055,197,750,16.9,5.2,0.492,0.5,62.5,400,28,15,15,15,23.33
400,1055,1055,197,750,16.9,5.2,0.492,0.5,62.5,600,28,15,15,15,20
400,1055,1055,197,750,16.9,5.2,0.492,0.5,400,20,28,15,15,15,25.33
400,1055,1055,197,750,16.9,5.2,0.492,0.5,400,200,28,15,15,15,25.77
400,1055,1055,197,750,16.9,5.2,0.492,0.5,400,400,28,15,15,15,26.34
400,1055,1055,197,750,16.9,5.2,0.492,0.5,400,600,28,15,15,15,20.55
400,1055,1055,197,750,16.9,5.2,0.492,0.75,62.5,20,28,15,15,15,24.94
400,1055,1055,197,750,16.9,5.2,0.492,0.75,62.5,200,28,15,15,15,22.95
400,1055,1055,197,750,16.9,5.2,0.492,0.75,62.5,400,28,15,15,15,24.22
400,1055,1055,197,750,16.9,5.2,0.492,0.75,62.5,600,28,15,15,15,21.33
400,1055,1055,197,750,16.9,5.2,0.492,0.75,400,20,28,15,15,15,23.17
400,1055,1055,197,750,16.9,5.2,0.492,0.75,400,200,28,15,15,15,24.03
400,1055,1055,197,750,16.9,5.2,0.492,0.75,400,400,28,15,15,15,23.86
400,1055,1055,197,750,16.9,5.2,0.492,0.75,400,600,28,15,15,15,20
400,1055,1055,197,750,16.9,5.2,0.492,1,62.5,20,28,15,15,15,22.12
400,1055,1055,197,750,16.9,5.2,0.492,1,62.5,200,28,15,15,15,23.25
400,1055,1055,197,750,16.9,5.2,0.492,1,62.5,400,28,15,15,15,20
400,1055,1055,197,750,16.9,5.2,0.492,1,62.5,600,28,15,15,15,20
400,1055,1055,197,750,16.9,5.2,0.492,1,400,20,28,15,15,15,24.32
400,1055,1055,197,750,16.9,5.2,0.492,1,400,200,28,15,15,15,22.12
400,1055,1055,197,750,16.9,5.2,0.492,1,400,400,28,15,15,15,22.73
400,1055,1055,197,750,16.9,5.2,0.492,1,400,600,28,15,15,15,20
450,1052,1052,180,750,16.9,5.8,0.4,0,0,20,28,15,15,15,31.82
450,1052,1052,180,750,16.9,5.8,0.4,0,0,200,28,15,15,15,28.22
450,1052,1052,180,750,16.9,5.8,0.4,0,0,400,28,15,15,15,26.4
450,1052,1052,180,750,16.9,5.8,0.4,0,0,600,28,15,15,15,22.57
450,1052,1052,180,750,16.9,5.8,0.4,0.25,62.5,20,28,15,15,15,40.26
450,1052,1052,180,750,16.9,5.8,0.4,0.25,62.5,200,28,15,15,15,38.7
450,1052,1052,180,750,16.9,5.8,0.4,0.25,62.5,400,28,15,15,15,34.48
450,1052,1052,180,750,16.9,5.8,0.4,0.25,62.5,600,28,15,15,15,32.5
450,1052,1052,180,750,16.9,5.8,0.4,0.25,400,20,28,15,15,15,36.22
450,1052,1052,180,750,16.9,5.8,0.4,0.25,400,200,28,15,15,15,31.73
450,1052,1052,180,750,16.9,5.8,0.4,0.25,400,400,28,15,15,15,28.71
450,1052,1052,180,750,16.9,5.8,0.4,0.25,400,600,28,15,15,15,28.04
450,1052,1052,180,750,16.9,5.8,0.4,0.5,62.5,20,28,15,15,15,31.36
450,1052,1052,180,750,16.9,5.8,0.4,0.5,62.5,200,28,15,15,15,28.71
450,1052,1052,180,750,16.9,5.8,0.4,0.5,62.5,400,28,15,15,15,32.38
450,1052,1052,180,750,16.9,5.8,0.4,0.5,62.5,600,28,15,15,15,28.4
450,1052,1052,180,750,16.9,5.8,0.4,0.5,400,20,28,15,15,15,31.85
450,1052,1052,180,750,16.9,5.8,0.4,0.5,400,200,28,15,15,15,26.88
450,1052,1052,180,750,16.9,5.8,0.4,0.5,400,400,28,15,15,15,31.17
450,1052,1052,180,750,16.9,5.8,0.4,0.5,400,600,28,15,15,15,22.05
450,1052,1052,180,750,16.9,5.8,0.4,0.75,62.5,20,28,15,15,15,28.44
450,1052,1052,180,750,16.9,5.8,0.4,0.75,62.5,200,28,15,15,15,25.14
450,1052,1052,180,750,16.9,5.8,0.4,0.75,62.5,400,28,15,15,15,27.04
450,1052,1052,180,750,16.9,5.8,0.4,0.75,62.5,600,28,15,15,15,20
450,1052,1052,180,750,16.9,5.8,0.4,0.75,400,20,28,15,15,15,32.32
450,1052,1052,180,750,16.9,5.8,0.4,0.75,400,200,28,15,15,15,27.15
450,1052,1052,180,750,16.9,5.8,0.4,0.75,400,400,28,15,15,15,26.65
450,1052,1052,180,750,16.9,5.8,0.4,0.75,400,600,28,15,15,15,21.14
450,1052,1052,180,750,16.9,5.8,0.4,1,62.5,20,28,15,15,15,23.73
450,1052,1052,180,750,16.9,5.8,0.4,1,62.5,200,28,15,15,15,20.26
450,1052,1052,180,750,16.9,5.8,0.4,1,62.5,400,28,15,15,15,21.73
450,1052,1052,180,750,16.9,5.8,0.4,1,62.5,600,28,15,15,15,15.81
450,1052,1052,180,750,16.9,5.8,0.4,1,400,20,28,15,15,15,31.91
450,1052,1052,180,750,16.9,5.8,0.4,1,400,200,28,15,15,15,31.55
450,1052,1052,180,750,16.9,5.8,0.4,1,400,400,28,15,15,15,28.04
450,1052,1052,180,750,16.9,5.8,0.4,1,400,600,28,15,15,15,22.26
400,765,765,200,750,16.9,0,0.5,0,0,28,42,15,15,15,53.4
400,765,765,200,750,16.9,0,0.5,0,0,100,42,15,15,15,53.4
400,765,765,200,750,16.9,0,0.5,0,0,200,42,15,15,15,53.4
400,765,765,200,750,16.9,0,0.5,0,0,300,42,15,15,15,53.4
400,765,765,200,750,16.9,0,0.5,0,0,350,42,15,15,15,53.4
400,765,765,200,750,16.9,0,0.5,0,0,400,42,15,15,15,53.4
400,765,765,200,750,16.9,0,0.5,0,0,450,42,15,15,15,53.4
400,765,765,200,750,16.9,0,0.5,0,0,500,42,15,15,15,53.4
400,765,765,200,750,16.9,0,0.5,0,0,650,42,15,15,15,53.4
400,765,765,200,750,16.9,0,0.5,0,0,800,42,15,15,15,53.4
400,765,765,200,750,16.9,0,0.5,0.25,37.5,28,42,15,15,15,52.6
400,765,765,200,750,16.9,0,0.5,0.25,37.5,100,42,15,15,15,52.6
400,765,765,200,750,16.9,0,0.5,0.25,37.5,200,42,15,15,15,52.6
400,765,765,200,750,16.9,0,0.5,0.25,37.5,300,42,15,15,15,52.6
400,765,765,200,750,16.9,0,0.5,0.25,37.5,350,42,15,15,15,52.6
400,765,765,200,750,16.9,0,0.5,0.25,37.5,400,42,15,15,15,52.6
400,765,765,200,750,16.9,0,0.5,0.25,37.5,450,42,15,15,15,52.6
400,765,765,200,750,16.9,0,0.5,0.25,37.5,500,42,15,15,15,52.6
400,765,765,200,750,16.9,0,0.5,0.25,37.5,650,42,15,15,15,52.6
400,765,765,200,750,16.9,0,0.5,0.25,37.5,800,42,15,15,15,52.6
400,765,765,200,750,16.9,0,0.5,0.5,37.5,28,42,15,15,15,52.3
400,765,765,200,750,16.9,0,0.5,0.5,37.5,100,42,15,15,15,52.3
400,765,765,200,750,16.9,0,0.5,0.5,37.5,200,42,15,15,15,52.3
400,765,765,200,750,16.9,0,0.5,0.5,37.5,300,42,15,15,15,52.3
400,765,765,200,750,16.9,0,0.5,0.5,37.5,350,42,15,15,15,52.3
400,765,765,200,750,16.9,0,0.5,0.5,37.5,400,42,15,15,15,52.3
400,765,765,200,750,16.9,0,0.5,0.5,37.5,450,42,15,15,15,52.3
400,765,765,200,750,16.9,0,0.5,0.5,37.5,500,42,15,15,15,52.3
400,765,765,200,750,16.9,0,0.5,0.5,37.5,650,42,15,15,15,52.3
400,765,765,200,750,16.9,0,0.5,0.5,37.5,800,42,15,15,15,52.3
530,700,700,185,750,50,1030,0.349,0,0,28,28,15,15,15,80.2
530,700,700,185,750,50,1030,0.349,0,0,28,42,15,15,15,84.5
400,480,480,151.2,560,72,656,0.32,0.64,65,600,90,10,10,20,93.2
400,480,480,151.2,560,72,656,0.32,0.64,65,600,90,10,10,20,93.2
400,480,480,151.2,560,72,656,0.32,0.64,65,600,90,10,10,20,93.2
400,480,480,151.2,560,72,656,0.32,0.64,65,600,90,10,10,20,93.2
400,480,480,197.2,560,72,600,0.32,0.64,65,600,90,10,10,20,95.8
400,480,480,197.2,560,72,600,0.32,0.64,65,600,90,10,10,20,95.8
400,480,480,197.2,560,72,600,0.32,0.64,65,600,90,10,10,20,95.8
400,480,480,197.2,560,72,600,0.32,0.64,65,600,90,10,10,20,95.8
400,480,480,197.2,560,72,600,0.32,0.64,65,600,90,10,10,20,91.4
400,480,480,197.2,560,72,600,0.32,0.64,65,600,90,10,10,20,91.4
400,480,600,197.2,560,72,600,0.32,0.64,65,600,90,10,10,20,91.4
400,480,480,197.2,560,72,600,0.32,0.64,65,600,90,10,10,20,91.4
700,420,600,201.6,343,140,0,0.24,0.64,81,600,90,10,10,20,112.2
700,420,600,201.6,343,140,0,0.24,0.64,81,600,90,10,10,20,112.2
700,420,600,201.6,343,140,0,0.24,0.64,81,600,90,10,10,20,112.2
700,420,600,201.6,343,140,0,0.24,0.64,81,600,90,10,10,20,112.2
700,420,600,201.6,343,140,0,0.24,0.64,81,600,90,10,10,20,127.7
700,420,600,201.6,343,140,0,0.24,0.64,81,600,90,10,10,20,127.7
700,420,600,201.6,343,140,0,0.24,0.64,81,600,90,10,10,20,127.7
700,420,600,201.6,343,140,0,0.24,0.64,81,600,90,10,10,20,127.7
389,714,714,175,420,16.9,34.3,0.45,0.64,81,20,28,10,10,20,36
389,714,714,175,420,16.9,34.3,0.45,0.64,81,20,28,10,10,20,33
389,714,714,175,420,16.9,34.3,0.45,0.64,81,20,28,10,10,20,34
389,714,714,175,420,16.9,34.3,0.45,0.64,81,-20,28,10,10,20,61
389,714,714,175,420,16.9,34.3,0.45,0.64,81,-20,28,10,10,20,58
389,714,714,175,420,16.9,34.3,0.45,0.64,81,-20,28,10,10,20,56
389,714,714,175,420,16.9,34.3,0.45,0.64,81,-40,28,10,10,20,71
389,714,714,175,420,16.9,34.3,0.45,0.64,81,-40,28,10,10,20,69
389,714,714,175,420,16.9,34.3,0.45,0.64,81,-40,28,10,10,20,71
389,714,714,175,420,16.9,34.3,0.45,0.64,81,-50,28,10,10,20,75
389,714,714,175,420,16.9,34.3,0.45,0.64,81,-50,28,10,10,20,71
389,714,714,175,420,16.9,34.3,0.45,0.64,81,-50,28,10,10,20,74
287,842,842,185,420,16.9,34.3,0.45,0.64,81,20,28,10,10,20,27
287,842,842,185,420,16.9,34.3,0.45,0.64,81,20,28,10,10,20,29
287,842,842,185,420,16.9,34.3,0.45,0.64,81,20,28,10,10,20,30
287,842,842,185,420,16.9,34.3,0.45,0.64,81,-20,28,10,10,20,41
287,842,842,185,420,16.9,34.3,0.45,0.64,81,-20,28,10,10,20,41
287,842,842,185,420,16.9,34.3,0.45,0.64,81,-20,28,10,10,20,43
287,842,842,185,420,16.9,34.3,0.45,0.64,81,-40,28,10,10,20,53
287,842,842,185,420,16.9,34.3,0.45,0.64,81,-40,28,10,10,20,50
287,842,842,185,420,16.9,34.3,0.45,0.64,81,-40,28,10,10,20,53
375,763,763,175,420,16.9,0.8,0.28,0.64,81,20,28,10,10,20,54
375,763,763,175,420,16.9,0.8,0.28,0.64,81,20,28,10,10,20,52
375,763,763,175,420,16.9,0.8,0.28,0.64,81,20,28,10,10,20,52
375,763,763,175,420,16.9,0.8,0.28,0.64,81,-20,28,10,10,20,76
375,763,763,175,420,16.9,0.8,0.28,0.64,81,-20,28,10,10,20,72
375,763,763,175,420,16.9,0.8,0.28,0.64,81,-20,28,10,10,20,74
375,763,763,175,420,16.9,0.8,0.28,0.64,81,-40,28,10,10,20,78
375,763,763,175,420,16.9,0.8,0.28,0.64,81,-40,28,10,10,20,77
375,763,763,175,420,16.9,0.8,0.28,0.64,81,-40,28,10,10,20,80
474,810,810,173,420,16.9,1,0.36,0.64,81,20,28,10,10,20,25
474,810,810,173,420,16.9,1,0.36,0.64,81,20,28,10,10,20,25
474,810,810,173,420,16.9,1,0.36,0.64,81,20,28,10,10,20,26
474,810,810,173,420,16.9,1,0.36,0.64,81,-20,28,10,10,20,29
474,810,810,173,420,16.9,1,0.36,0.64,81,-20,28,10,10,20,29
474,810,810,173,420,16.9,1,0.36,0.64,81,-20,28,10,10,20,31
474,810,810,173,420,16.9,1,0.36,0.64,81,-60,28,10,10,20,39
474,810,810,173,420,16.9,1,0.36,0.64,81,-60,28,10,10,20,38
474,810,810,173,420,16.9,1,0.36,0.64,81,-60,28,10,10,20,42
672,648,648,174,420,16.9,1,0.26,0.64,81,20,28,10,10,20,46
672,648,648,174,420,16.9,1,0.26,0.64,81,20,28,10,10,20,44
672,648,648,174,420,16.9,1,0.26,0.64,81,20,28,10,10,20,45
672,648,648,174,420,16.9,1,0.26,0.64,81,-20,28,10,10,20,50
672,648,648,174,420,16.9,1,0.26,0.64,81,-20,28,10,10,20,51
672,648,648,174,420,16.9,1,0.26,0.64,81,-20,28,10,10,20,50
672,648,648,174,420,16.9,1,0.26,0.64,81,-60,28,10,10,20,73
672,648,648,174,420,16.9,1,0.26,0.64,81,-60,28,10,10,20,76
672,648,648,174,420,16.9,1,0.26,0.64,81,-60,28,10,10,20,72
450,716,716,157.5,420,16.9,0.68,0.35,0.5,65,20,28,10,10,20,69.4
350,798,798,157.5,420,16.9,0.42,0.45,0.5,65,20,28,10,10,20,60.7
450,716,716,157.5,420,16.9,0.68,0.35,1,65,20,28,10,10,20,72.3
350,798,798,157.5,420,16.9,0.42,0.45,1,65,20,28,10,10,20,64.1
450,716,716,157.5,420,16.9,0.68,0.35,1.5,65,20,28,10,10,20,75.9
350,798,798,157.5,420,16.9,0.42,0.45,1.5,65,20,28,10,10,20,62.3
450,716,716,157.5,420,16.9,0.68,0.35,0.5,80,20,28,10,10,20,73.8
350,798,798,157.5,420,16.9,0.42,0.45,0.5,80,20,28,10,10,20,55.8
450,716,716,157.5,420,16.9,0.68,0.35,1,80,20,28,10,10,20,76.4
350,798,798,157.5,420,16.9,0.42,0.45,1,80,20,28,10,10,20,62.3
450,716,716,157.5,420,16.9,0.68,0.35,1.5,80,20,28,10,10,20,77.3
350,798,798,157.5,420,16.9,0.42,0.45,1.5,80,20,28,10,10,20,64.2
450,716,716,157.5,420,16.9,0.68,0.35,0.5,80,20,28,10,10,20,68
350,798,798,157.5,420,16.9,0.42,0.45,0.5,80,20,28,10,10,20,58.9
450,716,716,157.5,420,16.9,0.68,0.35,1,80,20,28,10,10,20,70.6
350,798,798,157.5,420,16.9,0.42,0.45,1,80,20,28,10,10,20,59.7
450,716,716,157.5,420,16.9,0.68,0.35,1.5,80,20,28,10,10,20,78.6
350,798,798,157.5,420,16.9,0.42,0.45,1.5,80,20,28,10,10,20,66.2
450,716,716,157.5,420,16.9,0.68,0.35,1.5,80,20,28,10,10,20,61.7
350,798,798,157.5,420,16.9,0.42,0.45,1.5,80,20,28,10,10,20,52.4
